kind,title,htmlTitle,link,displayLink,snippet,htmlSnippet,formattedUrl,htmlFormattedUrl,pagemap.metatags,pagemap.cse_thumbnail,pagemap.webpage,pagemap.cse_image,pagemap.listitem,pagemap.comment,pagemap.article,pagemap.xfn,pagemap.question,pagemap.answer,pagemap.imageobject,pagemap.person,pagemap.organization,pagemap.interactioncounter,pagemap.collection,pagemap.socialmediaposting,pagemap.creativework,pagemap.offer,pagemap.website,pagemap.product,pagemap.hproduct,pagemap.LiteraryEvent,pagemap.audioobject,pagemap.hcard,pagemap.Course,pagemap.BreadcrumbList,pagemap.BlogPosting,pagemap.wpheader,pagemap.wpfooter,pagemap.hatomfeed,pagemap.blog,pagemap.VideoObject
customsearch#result,Autopublicación | Amazon Kindle Direct Publishing,Autopublicación | Amazon Kindle Direct Publishing,https://kdp.amazon.com/es_ES/,kdp.amazon.com,KDP le ofrece herramientas muy fáciles de usar y totalmente gratis para autopublicar su libro en más de 10 países y en más de 45 idiomas. Collage de libros ...,KDP le ofrece herramientas muy fáciles de usar y totalmente gratis para <b>autopublicar</b> su libro en más de 10 países y en más de 45 idiomas. Collage de libros&nbsp;...,https://kdp.amazon.com/es_ES/,https://kdp.amazon.com/es_ES/,"[{'viewport': 'width=device-width, initial-scale=1, maximum-scale=5, minimum-scale=1'}]",,,,,,,,,,,,,,,,,,,,,,,,,,,,,,,
customsearch#result,Cómo autopublicar un libro | Gratis y online | Bookmundo,Cómo <b>autopublicar</b> un libro | Gratis y online | Bookmundo,https://www.bookmundo.com/es/publica-tu-libro/autopublicar/,www.bookmundo.com,"¿Y qué debes hacer tú? · Escribir, editar y subir tu manuscrito a la plataforma · Maquetar tu libro por tu cuenta o utilizando nuestras plantillas gratuitas ...","¿Y qué debes hacer tú? &middot; Escribir, editar y subir tu manuscrito a la plataforma &middot; Maquetar tu libro por tu cuenta o utilizando nuestras plantillas gratuitas&nbsp;...",https://www.bookmundo.com/es/publica-tu-libro/autopublicar/,https://www.bookmundo.com/es/publica-tu-libro/<b>autopublicar</b>/,"[{'og:image': 'https://www.bookmundo.com/wp-content/uploads/2021/01/paulareading.jpg', 'og:type': 'article', 'og:image:width': '1000', 'twitter:card': 'summary_large_image', 'theme-color': '#f5f5f5', 'og:site_name': 'Bookmundo', 'skype_toolbar': 'SKYPE_TOOLBAR_PARSER_COMPATIBLE', 'og:title': 'Autopublicar un libro: ¿cómo publicar mi libro de forma independiente?', 'og:image:height': '564', 'twitter:label1': 'Tiempo de lectura', 'og:image:type': 'image/jpeg', 'msapplication-tileimage': 'https://www.bookmundo.com/wp-content/uploads/2022/10/favicon-152.png', 'og:description': '¿Quieres autopublicar tu libro? ¿Te gustaría hacerlo rápido y gratis? En Bookmundo puedes publicar tu libro tú mismo y gratis en 7 pasos.', 'twitter:data1': '14 minutos', 'article:modified_time': '2024-07-10T09:36:21+00:00', 'viewport': 'width=device-width, initial-scale=1', 'og:locale': 'es_ES', 'og:url': 'https://www.bookmundo.com/es/publica-tu-libro/autopublicar/'}]","[{'src': 'https://encrypted-tbn0.gstatic.com/images?q=tbn:ANd9GcT2ro_Z8oAs70yPkK2H1lzZ9-eYJzpv7Bk1bsqzEkwn5R3KJmopTVWwWoba&s', 'width': '299', 'height': '168'}]","[{'maincontentofpage': 'InicioPublica tu libroAutopublicar un libro: ¿cómo publicar mi libro de forma independiente?Autopublicar un libro: ¿cómo publicar mi libro de forma independiente?Autopublicar un libro gratis...', 'text': 'Autopublicar un libro gratis y onlineEn los últimos años, ha crecido enormemente la tendencia de autoeditar y autopublicar un libro. Es el sector que más crece dentro de la industria editorial....'}]",[{'src': 'https://www.bookmundo.com/wp-content/uploads/2021/01/paulareading.jpg'}],"[{'item': 'Inicio', 'name': 'Inicio', 'position': '1'}, {'item': 'Publica tu libro', 'name': 'Publica tu libro', 'position': '2'}, {'item': 'Autopublicar un libro: ¿cómo publicar mi libro de forma independiente?', 'name': 'Autopublicar un libro: ¿cómo publicar mi libro de forma independiente?', 'position': '3'}]",,,,,,,,,,,,,,,,,,,,,,,,,,,
customsearch#result,Los 10 errores más comunes al autopublicar un libro - Marketing ...,Los 10 errores más comunes al <b>autopublicar</b> un libro - Marketing ...,https://marketingonlineparaescritores.com/errores-autopublicar-libro/,marketingonlineparaescritores.com,"Jan 19, 2023 ... Conclusión sobre los errores al autopublicar un libro. Vigila a quién contratas, publica con conocimiento de causa y trabaja tu marketing con ...","Jan 19, 2023 <b>...</b> Conclusión sobre los errores al <b>autopublicar</b> un libro. Vigila a quién contratas, publica con conocimiento de causa y trabaja tu marketing con&nbsp;...",https://marketingonlineparaescritores.com/errores-autopublicar-libro/,https://marketingonlineparaescritores.com/errores-<b>autopublicar</b>-libro/,"[{'og:image': 'https://marketingonlineparaescritores.com/wp-content/uploads/2023/01/AUTOPUBLICAR-TU-LIBRO.jpg?_t=1682608787', 'og:type': 'article', 'article:published_time': '2023-01-19T08:00:00+00:00', 'og:image:width': '400', 'twitter:card': 'summary_large_image', 'og:site_name': 'Marketing Online para escritores', 'author': 'BEATRIZ PEIDRO DIAZ', 'og:title': 'Los 10 errores más comunes al autopublicar un libro - Marketing Online para escritores', 'og:image:height': '266', 'twitter:label1': 'Escrito por', 'twitter:label2': 'Tiempo de lectura', 'og:image:type': 'image/jpeg', 'msapplication-tileimage': 'https://marketingonlineparaescritores.com/wp-content/uploads/2019/12/cropped-favicon3-270x270.png', 'og:description': 'Te dejamos una lista de diez errores a la hora de autopublicar un libro que son totalmente evitables. Autopublicar mola, si se hace bien.', 'twitter:creator': '@DoctoraJomeini', 'article:publisher': 'https://www.facebook.com/marketingonlineparaescritores/', 'twitter:data1': 'BEATRIZ PEIDRO DIAZ', 'twitter:data2': '13 minutos', 'facebook-domain-verification': '3dh9rq5hx0sedqz40bzrhxj2m9hdz9', 'twitter:site': '@DoctoraJomeini', 'article:modified_time': '2023-04-27T15:19:46+00:00', 'viewport': 'width=device-width, initial-scale=1.0, maximum-scale=1.0, user-scalable=0', 'og:locale': 'es_ES', 'og:url': 'https://marketingonlineparaescritores.com/errores-autopublicar-libro/'}]","[{'src': 'https://encrypted-tbn0.gstatic.com/images?q=tbn:ANd9GcStElU-ZBzKyNvLDWo0oiro-enIb1BEgbADsd5SmPzscwgeyPNSwD_fJnc&s', 'width': '275', 'height': '183'}]",,[{'src': 'https://marketingonlineparaescritores.com/wp-content/uploads/2023/01/AUTOPUBLICAR-TU-LIBRO.jpg?_t=1682608787'}],,,,,,,,,,,,,,,,,,,,,,,,,,,,
customsearch#result,Autopublicar un libro ya publicado en editorial,<b>Autopublicar</b> un libro ya publicado en editorial,https://www.kdpcommunity.com/s/question/0D58V00008iZvRqSAK/autopublicar-un-libro-ya-publicado-en-editorial?language=en_US,www.kdpcommunity.com,"Apr 23, 2024 ... Quisiera saber, una vez recuperado un libro que tenía en editorial, cómo conservar las puntuaciones y reseñas al autopublicarlo. Expand Post.","Apr 23, 2024 <b>...</b> Quisiera saber, una vez recuperado un libro que tenía en editorial, cómo conservar las puntuaciones y reseñas al autopublicarlo. Expand Post.",https://www.kdpcommunity.com/.../autopublicar-un-libro-ya-publicado-en-...,https://www.kdpcommunity.com/.../<b>autopublicar</b>-un-libro-ya-publicado-en-...,"[{'viewport': 'initial-scale=1.0, maximum-scale=5.0, minimum-scale=1.0, minimal-ui'}]",,,,,,,,,,,,,,,,,,,,,,,,,,,,,,,
customsearch#result,"¿Cómo autopublicar un libro de forma independiente, explicado ...","¿Cómo <b>autopublicar</b> un libro de forma independiente, explicado ...",https://www.escritores.org/publicar/1275-como-autopublicar-un-libro-de-forma-independiente-explicado-paso-a-paso,www.escritores.org,"1) Escribir tu obra literaria. Lógicamente, en primer lugar, escribes tu obra literaria. · 2) Primer registro del borrador de la obra. · 3) Pulir la obra. · 4) ...","1) Escribir tu obra literaria. Lógicamente, en primer lugar, escribes tu obra literaria. &middot; 2) Primer registro del borrador de la obra. &middot; 3) Pulir la obra. &middot; 4)&nbsp;...",https://www.escritores.org/.../1275-como-autopublicar-un-libro-de-forma-i...,https://www.escritores.org/.../1275-como-<b>autopublicar</b>-un-libro-de-forma-i...,"[{'og:type': 'article', 'viewport': 'width=device-width, initial-scale=1', 'author': 'Escritores.org', 'rights': 'Escritores.org', 'og:title': '¿Cómo autopublicar un libro de forma independiente, explicado paso a paso?', 'og:url': 'https://www.escritores.org/publicar/1275-como-autopublicar-un-libro-de-forma-independiente-explicado-paso-a-paso', 'og:description': '¿Cómo autopublicar un libro de forma independiente, explicado paso a paso? Esta es una pequeña pero completa guía para el proceso de la autoedición indepen...'}]",,,,,"[{'image': 'https://secure.gravatar.com/avatar/d41d8cd98f00b204e9800998ecf8427e?s=100&d=mm', 'datecreated': '2024-08-18T16:06:25+02:00', 'text': 'Gracias por una información tan útil y práctica', 'datepublished': '2024-08-19T12:47:06+02:00'}, {'image': 'https://secure.gravatar.com/avatar/6612a2c651263d918a36d901fda5179f?s=100&d=mm', 'datecreated': '2023-12-06T02:09:14+01:00', 'text': 'Mariana vera. Jiménez', 'datepublished': '2023-12-06T16:23:12+01:00'}, {'image': 'https://secure.gravatar.com/avatar/ffb6f8df60cfba224963da160f518c3f?s=100&d=mm', 'datecreated': '2023-04-05T21:40:00+02:00', 'text': '¡NO CONTRATES CON LA EDITORIAL PUNTO ROJO LIBROS! No te recomiendo tratar con esta editorial. Yo les realicé un ingreso de 370€ para publicar libros y no solo no los han sacado, sino que...', 'datepublished': '2023-04-05T19:40:27+02:00'}, {'image': 'https://secure.gravatar.com/avatar/055c0da8958b6578394c0233424fe848?s=100&d=mm', 'datecreated': '2023-02-14T14:21:00+01:00', 'text': 'Hola. Muchas gracias por la información. Yo hice el primer registro antes de enviarlo a corregir. Una vez terminado todo el proceso, hay que volver a hacer otro registro? cómo se haría?...', 'datepublished': '2023-02-14T13:21:14+01:00'}, {'image': 'https://secure.gravatar.com/avatar/30469c1578b11f5ab1860f2caa10f9ad?s=100&d=mm', 'datecreated': '2022-09-08T14:25:00+02:00', 'text': 'Se puede conseguir un ISBN español por 28 euros, on line, en un día, pagando con PayPal o Bizum o transferencia bancaria, aquí: http://liberlibro.com/isbn/', 'datepublished': '2022-09-08T12:25:17+02:00'}, {'image': 'https://secure.gravatar.com/avatar/51834b57fb75c09d29dfcc897bb24bf3?s=100&d=mm', 'datecreated': '2022-08-30T02:04:56+02:00', 'text': 'Hola alguien me puede explicar como hago para republicar un libro muy viejo ... manteniendo el texto central e incorporando un nuevo formato al libro.. gracias', 'datepublished': '2022-08-30T13:25:02+02:00'}, {'image': 'https://secure.gravatar.com/avatar/39ba2211c40e837ddd81fa9702ebbc2d?s=100&d=mm', 'datecreated': '2022-07-07T17:59:00+02:00', 'text': 'Hola, agradezco muchísimo este artículo. Me ha acompañado en todo el proceso de mi libro ""Retales Atemporales"". Me gustaría tener un detalle con la persona que ha escrito el artículo,...', 'datepublished': '2022-07-07T15:59:23+02:00'}, {'image': 'https://secure.gravatar.com/avatar/0d2719f63df7261d971ee32019624c0a?s=100&d=mm', 'datecreated': '2021-12-24T08:46:00+01:00', 'text': 'Inf como debería escribir un libros tengo un borrador que paso debería hacer a donde puedo ir soy de venezuela', 'datepublished': '2021-12-24T07:46:26+01:00'}, {'image': 'https://secure.gravatar.com/avatar/54de140075123a6d09ca8bafb0f27335?s=100&d=mm', 'datecreated': '2021-07-28T13:05:32+02:00', 'text': 'Muy interesante, me encanta.', 'datepublished': '2021-07-30T19:13:32+02:00'}, {'image': 'https://secure.gravatar.com/avatar/d056ebd793d10b5faca5e4e4ab5ab7d5?s=100&d=mm', 'datecreated': '2021-02-19T02:46:32+01:00', 'text': 'Quiero hacer mi propio libro ayúdeme 281 6161177', 'datepublished': '2021-02-20T10:36:27+01:00'}]","[{'image': 'https://secure.gravatar.com/avatar/d41d8cd98f00b204e9800998ecf8427e?s=100&d=mm', 'articlebody': '¿Cómo autopublicar un libro de forma independiente, explicado paso a paso?Esta es una pequeña pero completa guía para el proceso de la autoedición independiente.Este es un artículo de...', 'inlanguage': 'es-ES'}]",,,,,,,,,,,,,,,,,,,,,,,,,
customsearch#result,Cómo autopublicar un libro en 8 pasos (2024) - Shopify,Cómo <b>autopublicar</b> un libro en 8 pasos (2024) - Shopify,https://www.shopify.com/es/blog/autopublicar-un-libro,www.shopify.com,"Jun 17, 2024 ... Cómo autopublicar un libro en 8 pasos (2024) · 1. Escribe un libro que se pueda vender bien · 2. Edita como un profesional · 3. Diseña una ...","Jun 17, 2024 <b>...</b> Cómo <b>autopublicar</b> un libro en 8 pasos (2024) &middot; 1. Escribe un libro que se pueda vender bien &middot; 2. Edita como un profesional &middot; 3. Diseña una&nbsp;...",https://www.shopify.com/es/blog/autopublicar-un-libro,https://www.shopify.com/es/blog/<b>autopublicar</b>-un-libro,"[{'og:image': 'https://cdn.shopify.com/s/files/1/0229/0839/articles/0L_cfd84f53-39c2-45fb-befe-219fc9c82b3f.jpg?v=1727463988', 'og:type': 'website', 'twitter:card': 'summary_large_image', 'twitter:title': 'Cómo autopublicar un libro en 8 pasos (2024) - Shopify', 'og:site_name': 'Shopify', 'og:title': 'Cómo autopublicar un libro en 8 pasos (2024) - Shopify', 'fb:pages': '20409006880', 'og:description': '¿Tienes algo importante que contarle al mundo? Descubre cómo autopublicar un libro y venderlo en múltiples plataformas con esta guía paso a paso.', 'twitter:image': 'https://cdn.shopify.com/s/files/1/0229/0839/articles/0L_cfd84f53-39c2-45fb-befe-219fc9c82b3f.jpg?v=1727463988', 'fb:app_id': '847460188612391', 'twitter:site': 'Shopify', 'hydrated': 'true', 'viewport': 'width=device-width,initial-scale=1', 'twitter:description': '¿Tienes algo importante que contarle al mundo? Descubre cómo autopublicar un libro y venderlo en múltiples plataformas con esta guía paso a paso.', 'og:url': 'https://www.shopify.com/es/blog/autopublicar-un-libro', 'twitter:account_id': '17136315'}]",,,,,,"[{'articlebody': 'El sueño de cualquier escritor es que su libro se convierta en un éxito de ventas. Pero lograr este objetivo sin el respaldo de una editorial ha sido siempre complicado. ¡Hasta ahora! Despertar...', 'datemodified': '2024-06-17T16:00:00.000Z', 'headline': 'Cómo autopublicar un libro en 8 pasos (2024)', 'mainentityofpage': '/es/blog/autopublicar-un-libro'}]",[{}],"[{'name': '¿Cuánto cuesta autopublicar un libro?'}, {'name': '¿Merece la pena autopublicar un libro?'}, {'name': '¿Cuánto cuesta autopublicar una novela?'}, {'name': '¿Tengo que ser autónomo para autopublicar un libro?'}]","[{'text': 'El precio de publicar un libro varía considerablemente en función del tipo de obra y del método de publicación. El coste de una publicación por el sistema tradicional tiene un coste de...'}, {'text': 'Depende de cuáles sean tus objetivos. La autopublicación puede ser una solución eficiente para que tu obra vea finalmente la luz, pero es cierto que requiere una inversión de tiempo y dinero....'}, {'text': 'La extensión de la novela, su formato o los servicios de diseño y corrección que contrates, influirán de manera sustancial en el coste de autopublicar tu libro. Si te encargas de todo el...'}, {'text': 'Si vendes tú mismo el libro desde tu propia página web, estarás desarrollando una actividad económica, por lo que tendrás que darte de alta como autónomo (si se trata de una actividad...'}]","[{'width': '210', 'url': 'https://cdn.shopify.com/assets/images/logos/shopify_logo_black.png', 'height': '60'}]","[{'name': 'Margherita Pirola', 'url': 'Margherita Pirola'}, {'name': 'Margherita Pirola', 'url': 'Margherita Pirola'}, {'name': 'Margherita Pirola', 'url': 'Margherita Pirola'}]",[{'name': 'Shopify'}],,,,,,,,,,,,,,,,,,,
customsearch#result,¿Deberías autopublicar tu libro? | Entrepreneur,¿Deberías <b>autopublicar</b> tu libro? | Entrepreneur,https://www.entrepreneur.com/es/emprendedores/deberias-autopublicar-tu-libro/422073,www.entrepreneur.com,"Mar 11, 2022 ... La autopublicación te permite un control total y permanente de tu contenido. Bastantes personas han venido a mí molestas porque se fueron con un ...","Mar 11, 2022 <b>...</b> La autopublicación te permite un control total y permanente de tu contenido. Bastantes personas han venido a mí molestas porque se fueron con un&nbsp;...",https://www.entrepreneur.com/es/emprendedores/...autopublicar-tu.../42207...,https://www.entrepreneur.com/es/emprendedores/...<b>autopublicar</b>-tu.../42207...,"[{'msapplication-config': 'none', 'og:image': 'https://assets.entrepreneur.com/content/3x2/2000/1646763603-shutterstock-1733755208.jpg?format=pjeg&auto=webp', 'copyright': 'Copyright 2024 Entrepreneur Media, LLC All rights reserved.', 'theme-color': '#131318', 'og:image:width': '2000', 'article:published_time': '2022-03-11T17:00:00+00:00', 'twitter:card': 'summary_large_image', 'og:site_name': 'Entrepreneur', 'twitter:url': 'https://www.entrepreneur.com/es/emprendedores/deberias-autopublicar-tu-libro/422073', 'edition': 'es-us', 'og:image:type': 'image/jpeg', 'og:description': 'Las ventajas de la autoedición frente a la persecución de un contrato de publicación tradicional son numerosas.', 'article:publisher': 'https://www.facebook.com/entrepreneur', 'twitter:image': 'https://assets.entrepreneur.com/content/3x2/2000/1646763603-shutterstock-1733755208.jpg?format=pjeg&auto=webp', 'twitter:site': '@Entrepreneur', 'article:modified_time': '2022-03-11T17:00:00+00:00', 'schema:url': 'https://www.entrepreneur.com/es/emprendedores/deberias-autopublicar-tu-libro/422073', 'og:type': 'article', 'article:section': '¿Deberías autopublicar tu libro? | Entrepreneur', 'twitter:title': '¿Deberías autopublicar tu libro?', 'adobject': 'emprendedores,libros,escribiendo-un-libro,publicacion,autores,autoremprendedor,auto-promocion,autopublicacion,author22444,422073', 'twitter:domain': 'https://www.entrepreneur.com', 'msvalidate.01': '54B5AAADAA61BB7748D0BA219F04B657', 'author': 'Stephanie Mojica', 'og:title': '¿Deberías autopublicar tu libro? | Entrepreneur', 'og:image:height': '1333', 'fb:pages': '35585623895', 'article:tag': 'Emprendedores,Libros,Escribiendo un libro,Publicacin,Autores,Autoremprendedor,Auto promocin,Autopublicacin', 'fb:app_id': '1819515551625402', 'linkedin:owner': 'mid:21884750', 'viewport': 'width=device-width,initial-scale=1.0', 'apple-mobile-web-app-capable': 'yes', 'twitter:description': 'Las ventajas de la autoedición frente a la persecución de un contrato de publicación tradicional son numerosas.', 'original-source': 'https://www.entrepreneur.com/es/emprendedores/deberias-autopublicar-tu-libro/422073', 'og:url': 'https://www.entrepreneur.com/es/emprendedores/deberias-autopublicar-tu-libro/422073'}]","[{'src': 'https://encrypted-tbn0.gstatic.com/images?q=tbn:ANd9GcQL8M715m5uSHVjVc1k9Y6HLgchtqzc2yTMQ0eM3th1X9JJ0tauD5VN-4c&s', 'width': '275', 'height': '183'}]",,[{'src': 'https://assets.entrepreneur.com/content/3x2/2000/1646763603-shutterstock-1733755208.jpg?format=pjeg&auto=webp'}],,,,,,,,,,,,,,,,,,,,,,,,,,,,
customsearch#result,"FundéuRAE on X: ""@2404km Sí, «autopublicar» es una palabra ...","FundéuRAE on X: &quot;@2404km Sí, «<b>autopublicar</b>» es una palabra ...",https://twitter.com/Fundeu/status/566649262457749504,twitter.com,"Feb 14, 2015 ... 2404km Sí, «autopublicar» es una palabra bien formada y, por tanto, su uso es válido.","Feb 14, 2015 <b>...</b> 2404km Sí, «<b>autopublicar</b>» es una palabra bien formada y, por tanto, su uso es válido.",https://twitter.com/Fundeu/status/566649262457749504,https://twitter.com/Fundeu/status/566649262457749504,"[{'og:image': 'https://pbs.twimg.com/profile_images/1310594220219158528/1gf_G3yL_200x200.jpg', 'theme-color': '#FFFFFF', 'og:type': 'article', 'og:site_name': 'X (formerly Twitter)', 'al:ios:app_name': 'X', 'apple-mobile-web-app-title': 'Twitter', 'og:title': 'FundéuRAE (@Fundeu) on X', 'al:android:package': 'com.twitter.android', 'al:ios:url': 'twitter://status?id=566649262457749504', 'title': 'FundéuRAE (@Fundeu) on X', 'og:description': '@2404km Sí, «autopublicar» es una palabra bien formada y, por tanto, su uso es válido.', 'al:ios:app_store_id': '333903271', 'facebook-domain-verification': 'x6sdcc8b5ju3bh8nbm59eswogvg6t1', 'al:android:url': 'twitter://status?id=566649262457749504', 'fb:app_id': '2231777543', 'apple-mobile-web-app-status-bar-style': 'white', 'viewport': 'width=device-width,initial-scale=1,maximum-scale=1,user-scalable=0,viewport-fit=cover', 'mobile-web-app-capable': 'yes', 'og:url': 'https://twitter.com/Fundeu/status/566649262457749504', 'al:android:app_name': 'X'}]","[{'src': 'https://encrypted-tbn0.gstatic.com/images?q=tbn:ANd9GcSlOgLMT5zYprb-KAxb0oPEn-L9uM8WbxNOzYU2huwBLGH_Oenk_IATbkY&s', 'width': '200', 'height': '200'}]",,[{'src': 'https://pbs.twimg.com/profile_images/1310594220219158528/1gf_G3yL_200x200.jpg'}],,,,,,,,"[{'identifier': '196955819', 'givenname': 'FundéuRAE', 'additionalname': 'Fundeu'}]",,"[{'userinteractioncount': '328791', 'interactiontype': 'https://schema.org/FollowAction', 'name': 'Likes'}, {'userinteractioncount': '2558', 'interactiontype': 'https://schema.org/SubscribeAction', 'name': 'Retweets'}, {'userinteractioncount': '125703', 'interactiontype': 'https://schema.org/LikeAction', 'name': 'Quotes'}, {'userinteractioncount': '3', 'interactiontype': 'https://schema.org/LikeAction', 'name': 'Likes', 'url': 'https://twitter.com/Fundeu/status/566649262457749504/likes'}, {'userinteractioncount': '1', 'interactiontype': 'https://schema.org/InteractAction', 'name': 'Retweets', 'url': 'https://twitter.com/Fundeu/status/566649262457749504/retweets'}, {'userinteractioncount': '0', 'interactiontype': 'https://schema.org/InteractAction', 'name': 'Quotes', 'url': 'https://twitter.com/Fundeu/status/566649262457749504/retweets/with_comments'}, {'userinteractioncount': '1', 'interactiontype': 'https://schema.org/InteractAction', 'name': 'Replies', 'url': 'https://twitter.com/Fundeu/status/566649262457749504'}]",[{'name': 'Post with replies'}],"[{'identifier': '566649262457749504', 'commentcount': '1', 'articlebody': '@2404km Sí, «autopublicar» es una palabra bien formada y, por tanto, su uso es válido.Translate post', 'ispartof': 'https://twitter.com/2404km/status/566645538524004352', 'position': '1', 'datecreated': '2015-02-14T17:24:46.000Z', 'datepublished': '2015-02-14T17:24:46.000Z', 'url': 'https://twitter.com/Fundeu/status/566649262457749504', 'mainentityofpage': 'https://twitter.com/Fundeu/status/566649262457749504'}]",,,,,,,,,,,,,,,,
customsearch#result,Autopublicacion / Guia detallada paso a paso para ... - Amazon.com,Autopublicacion / Guia detallada paso a paso para ... - Amazon.com,https://www.amazon.com/-/es/Mr-Maximo-Kovak/dp/0957595352,www.amazon.com,Amazon.com: Autopublicacion / Guia detallada paso a paso para autopublicar tus libros: Como publicar tus libros electronicos y tapa blanda (Spanish ...,Amazon.com: Autopublicacion / Guia detallada paso a paso para <b>autopublicar</b> tus libros: Como publicar tus libros electronicos y tapa blanda (Spanish&nbsp;...,https://www.amazon.com/-/es/Mr-Maximo-Kovak/dp/0957595352,https://www.amazon.com/-/es/Mr-Maximo-Kovak/dp/0957595352,"[{'og:image': 'https://m.media-amazon.com/images/I/41B2UpOjsIL._SR600%2c315_PIWhiteStrip%2cBottomLeft%2c0%2c35_PIStarRatingFIVE%2cBottomLeft%2c360%2c-6_SR600%2c315_SCLZZZZZZZ_FMpng_BG255%2c255%2c255.jpg', 'theme-color': '#131921', 'viewport': 'width=device-width, maximum-scale=2, minimum-scale=1, initial-scale=1, shrink-to-fit=no', 'og:title': 'Autopublicacion / Guia detallada paso a paso para autopublicar tus libros: Como publicar tus libros electronicos y tapa blanda (Spanish Edition)', 'og:url': 'https://www.amazon.com/dp/0957595352/ref=tsm_1_fb_lk', 'title': 'Amazon.com: Autopublicacion / Guia detallada paso a paso para autopublicar tus libros: Como publicar tus libros electronicos y tapa blanda (Spanish Edition): 9780957595354: Kovak, Mr Maximo: Libros', 'og:description': '¿Has enviado tu libro a editoriales y te han dicho que no les interesa?¿Quieres hacer realidad tu sueño y publicar tus libros? ¿Quieres ganar dinero haciéndolo?¿Quieres aprender cómo hacerlo fácilmente, ahorrando dinero y dolores de cabeza?Si tu retuesta es sí, has encontrado el libro que buscaba...', 'encrypted-slate-token': 'AnYxJzj7k8g0G4m9Xuy4WLqcmJ7UvoceY5D5psXDPo0RKCCeKhg2ZCMUkiiZtV2l44XqFk8fV66l0LZshDwLoW20YR4KbWZ7uXWlhpXBZ9J3oYZFhVF+UjYXYOLAJgHOkhwj98/JK0Ok/SwTjf7acDeLOPCH5HTlxk3kWeP1epRxJ8+LpOn7fifzkqtA7Me8VmuyQBPzcy/Je4T4Nr1sQI1nXErQaYTJIvQbnuUIFGI7AfVx87XygogUxDeY13wYrc61eMUd3TvWNZNwRT+3ujHhcQ=='}]","[{'src': 'https://encrypted-tbn0.gstatic.com/images?q=tbn:ANd9GcSW_FxRGknFJuhMm6cXDut2qVvpC73zmYImh0nvD0PTscgS6N1khzI1c3o&s', 'width': '180', 'height': '279'}]",,"[{'src': 'https://m.media-amazon.com/images/I/61Cc033BDLL._AC_UF1000,1000_QL80_.jpg'}]",,,,,,,,,,,,,,,,,,,,,,,,,,,,
customsearch#result,Ventajas y desventajas de autopublicar un libro,Ventajas y desventajas de <b>autopublicar</b> un libro,https://www.lauraemprende.com/ventajas-y-desventajas-de-autopublicar-un-libro,www.lauraemprende.com,#1. El control creativo · #2. El control de los costos · #3. Más regalías · #4. Lanzamientos más rápidos · #5. Poder iniciar una carrera como autor · #1. La ...,#1. El control creativo &middot; #2. El control de los costos &middot; #3. Más regalías &middot; #4. Lanzamientos más rápidos &middot; #5. Poder iniciar una carrera como autor &middot; #1. La&nbsp;...,https://www.lauraemprende.com/ventajas-y-desventajas-de-autopublicar-un...,https://www.lauraemprende.com/ventajas-y-desventajas-de-<b>autopublicar</b>-un...,"[{'p:domain_verify': '5ea05566f5749f0f4a16e59842f2a4f5', 'og:image': 'https://lirp.cdn-website.com/323b1799/dms3rep/multi/opt/ebook-Kobo-1920w.jpg', 'og:type': 'article', 'twitter:card': 'summary_large_image', 'twitter:title': 'Ventajas y desventajas de autopublicar un libro', 'article:published_time': '2020-05-05T14:00Z', 'og:title': 'Ventajas y desventajas de autopublicar un libro', 'og:description': 'Cada vez son más los autores que deciden lanzarse al mercado por su cuenta. ¿Cuáles son los pros y los contras de la autopublicación?', 'twitter:image': 'https://lirp.cdn-website.com/323b1799/dms3rep/multi/opt/ebook-Kobo-1920w.jpg', 'viewport': 'width=device-width, initial-scale=1, minimum-scale=1, maximum-scale=5, viewport-fit=cover', 'apple-mobile-web-app-capable': 'yes', 'twitter:description': 'Cada vez son más los autores que deciden lanzarse al mercado por su cuenta. ¿Cuáles son los pros y los contras de la autopublicación?', 'og:url': 'https://www.lauraemprende.com/ventajas-y-desventajas-de-autopublicar-un-libro'}]","[{'src': 'https://encrypted-tbn0.gstatic.com/images?q=tbn:ANd9GcTiKLqV1agGskHpJ5n608N3p0BQy8OXCpDl_bwf1XguMFAGfNxF7_sxuVps&s', 'width': '259', 'height': '194'}]",,[{'src': 'https://lirp.cdn-website.com/323b1799/dms3rep/multi/opt/ebook-Kobo-1920w.jpg'}],,,,,,,,,,,,,,,,,,,,,,,,,,,,
customsearch#result,Guía sencilla para autopublicar un libro en Colombia,Guía sencilla para <b>autopublicar</b> un libro en Colombia,https://www.vice.com/es/article/guia-sencilla-autopublicar-libro-colombia-escritor-independiente/,www.vice.com,"Jul 19, 2018 ... Solo para que se haga una idea: en Autores Editores, mandar a hacer un libro de 120 páginas en formato 14-21 con solapa, encuadernación rústica, ...","Jul 19, 2018 <b>...</b> Solo para que se haga una idea: en Autores Editores, mandar a hacer un libro de 120 páginas en formato 14-21 con solapa, encuadernación rústica,&nbsp;...",https://www.vice.com/.../guia-sencilla-autopublicar-libro-colombia-escritor-...,https://www.vice.com/.../guia-sencilla-<b>autopublicar</b>-libro-colombia-escritor-...,"[{'og:image': 'https://www.vice.com/wp-content/uploads/sites/2/2018/07/1532015621743-Screen-Shot-2018-07-19-at-105315-AM.png', 'article:published_time': '2018-07-19T20:30:00+00:00', 'og:image:width': '847', 'twitter:card': 'summary_large_image', 'og:site_name': 'VICE', 'twitter:label1': 'Escrito por', 'twitter:label2': 'Tiempo de lectura', 'og:image:type': 'image/png', 'twitter:label3': 'Written by', 'twitter:data3': 'Valentina Calvache', 'msapplication-tileimage': 'https://www.vice.com/wp-content/uploads/sites/2/2024/06/cropped-site-icon-1.png?w=270', 'og:description': 'Hay muchas razones para hacerlo: ser punk, no tener respuesta de grandes editoriales, querer más que el 10% de las regalías. En fin. Si quiere esparcir su arte por el mundo, siga los pasos de este tutorial.', 'twitter:creator': '@vice', 'article:publisher': 'https://www.facebook.com/VICE', 'twitter:data1': 'alley', 'twitter:data2': '5 minutos', 'twitter:site': '@vice', 'article:modified_time': '2024-07-31T10:58:58+00:00', 'og:type': 'article', 'author': 'Valentina Calvache', 'og:title': 'Guía sencilla para autopublicar un libro en Colombia', 'og:image:height': '475', 'viewport': 'width=device-width, initial-scale=1', 'og:locale': 'es_ES', 'og:url': 'https://www.vice.com/es/article/guia-sencilla-autopublicar-libro-colombia-escritor-independiente/'}]","[{'src': 'https://encrypted-tbn0.gstatic.com/images?q=tbn:ANd9GcQi4ptovZUxlsaioDH4_3088A1VJTYEPktu3VY0O7fUIwX1P4-xAs4FSxQD&s', 'width': '300', 'height': '168'}]",,[{'src': 'https://www.vice.com/wp-content/uploads/sites/2/2018/07/1532015621743-Screen-Shot-2018-07-19-at-105315-AM.png'}],,,,,,,,,,,,,,,,,,,,,,,,,,,,
customsearch#result,"Publicar con una editorial o autopublicar un libro, ¿qué es mejor ...","Publicar con una editorial o <b>autopublicar</b> un libro, ¿qué es mejor ...",https://www.elcorreo.com/vivir/artes/publicar-editorial-autopublicar-libro-20210319103827-ntrc.html,www.elcorreo.com,"Mar 22, 2021 ... La autoedición es un modelo de publicación que se puso de moda hace unos años y que sortea la primera barrera que imponen las editoriales ...","Mar 22, 2021 <b>...</b> La autoedición es un modelo de publicación que se puso de moda hace unos años y que sortea la primera barrera que imponen las editoriales&nbsp;...",https://www.elcorreo.com/.../publicar-editorial-autopublicar-libro-2021031...,https://www.elcorreo.com/.../publicar-editorial-<b>autopublicar</b>-libro-2021031...,"[{'date': '2021-03-19T00:08:47+01:00', 'og:image': 'https://s1.ppllstatics.com/elcorreo/www/multimedia/202103/19/media/cortadas/editar_peque-kd6B-U130857589644cID-1248x770@RC.jpg', 'article:published_time': '2021-03-19T00:08:47+01:00', 'og:image:width': '1248', 'twitter:card': 'summary_large_image', 'msapplication-square70x70logo': '//s1.ppllstatics.com/starfish/latest/assets/images/favicon/elcorreo/smalltile.png', 'og:site_name': 'El Correo', 'twitter:url': 'https://www.elcorreo.com/vivir/artes/publicar-editorial-autopublicar-libro-20210319103827-ntrc.html', 'twitter:image:height': '770', 'article:location': 'county:País Vasco', 'msapplication-wide310x150logo': '//s2.ppllstatics.com/starfish/latest/assets/images/favicon/elcorreo/widetile.png', 'og:image:type': 'image/jpeg', 'title': 'Publicar con una editorial o autopublicar un libro, ¿qué es mejor?', 'og:description': 'Derechos de autor, regalías, márketing, distribución… ambas tienen pros y contras que el escritor debe valorar con antelación', 'twitter:creator': 'El Correo', 'article:publisher': 'https://www.facebook.com/pages/El-Correo/280982578099', 'mrf:tags': 'sub-section:artes', 'twitter:image:alt': 'Publicar con una editorial o autopublicar un libro, ¿qué es mejor? | El Correo', 'twitter:site': '@elcorreo_com', 'article:modified_time': '2021-03-22T11:33:32+01:00', 'twitter:image:width': '1248', 'news_keywords': 'publicar, editorial, autopublicar, libro, mejor', 'msapplication-square310x310logo': '//s3.ppllstatics.com/starfish/latest/assets/images/favicon/elcorreo/largetile.png', 'mrf:sections': 'Vivir', 'article:content_tier': 'metered', 'lang': 'es', 'mrf:canonical': 'https://www.elcorreo.com/vivir/artes/publicar-editorial-autopublicar-libro-20210319103827-ntrc.html', 'article:section': 'vivir', 'og:type': 'article', 'twitter:title': 'Publicar con una editorial o autopublicar un libro, ¿qué es mejor? | El Correo', 'author': 'Elena Martín López', 'og:title': 'Publicar con una editorial o autopublicar un libro, ¿qué es mejor? | El Correo', 'og:image:height': '770', 'og:updated_time': '2021-03-22T11:33:32+01:00', 'fb:pages': '280982578099', 'msapplication-square150x150logo': '//s1.ppllstatics.com/starfish/latest/assets/images/favicon/elcorreo/mediumtile.png', 'dc.date.issued': '2021-03-22T11:33:32+01:00', 'article:author': 'Elena Martín López', 'article:tag': ""Instagram, YouTube, Planeta, libro, 'Patria', Educación, Redes sociales, Premio Planeta"", 'twitter:image:src': 'https://s1.ppllstatics.com/elcorreo/www/multimedia/202103/19/media/cortadas/editar_peque-kd6B-U130857589644cID-1248x770@RC.jpg', 'fb:app_id': '101374325995', 'viewport': 'width=device-width, initial-scale=1.0', 'twitter:description': 'Derechos de autor, regalías, márketing, distribución… ambas tienen pros y contras que el escritor debe valorar con antelación', 'og:locale': 'es_ES', 'og:url': 'https://www.elcorreo.com/vivir/artes/publicar-editorial-autopublicar-libro-20210319103827-ntrc.html', 'article:opinion': 'false'}]","[{'src': 'https://encrypted-tbn0.gstatic.com/images?q=tbn:ANd9GcQnlyB4tfedi8Z4W0eysRdUhSV7vxzd7quzgoSFtyHRalBDnffbrp6ZPZU&s', 'width': '286', 'height': '176'}]",,[{'src': 'https://s1.ppllstatics.com/elcorreo/www/multimedia/202103/19/media/cortadas/editar_peque-kd6B-U130857589644cID-1248x770@RC.jpg'}],,,,,,,,,,,,,,,,,,,,,,,,,,,,
customsearch#result,▷ Guía cómo autopublicar contenidos en redes sociales Wordpress ...,▷ Guía cómo <b>autopublicar</b> contenidos en redes sociales Wordpress ...,https://nuvaweb.com/guia-como-autopublicar-contenidos-en-redes-sociales-wordpress-metricool/,nuvaweb.com,"Mar 23, 2023 ... Paso 1: Registro en Metricool. Visita el sitio web de Metricool y crea una cuenta gratuita haciendo clic en “Regístrate gratis”. Completa el ...","Mar 23, 2023 <b>...</b> Paso 1: Registro en Metricool. Visita el sitio web de Metricool y crea una cuenta gratuita haciendo clic en “Regístrate gratis”. Completa el&nbsp;...",https://nuvaweb.com/guia-como-autopublicar-contenidos-en-redes-sociales-...,https://nuvaweb.com/guia-como-<b>autopublicar</b>-contenidos-en-redes-sociales-...,"[{'og:image': 'https://nuvaweb.com/wp-content/uploads/metricool-wordpress-autopublicacion-de-publicaciones.webp', 'og:image:width': '1200', 'article:published_time': '2023-03-23T12:30:00+01:00', 'twitter:card': 'summary_large_image', 'og:site_name': 'NUVAWEB', 'twitter:label1': 'Escrito por', 'twitter:label2': 'Tiempo de lectura', 'og:image:type': 'image/webp', 'msapplication-tileimage': 'https://nuvaweb.com/wp-content/uploads/cropped-logo-nuvaweb-white-bg-300x300.png', 'og:description': 'Aprende a autopublicar tus contenidos de Wordpress a tus redes sociales con Metricool de forma automatizada con la vinculación de tu feed.', 'twitter:creator': '@fernando19ac', 'og:image:secure_url': 'https://nuvaweb.com/wp-content/uploads/metricool-wordpress-autopublicacion-de-publicaciones.webp', 'twitter:image': 'https://nuvaweb.com/wp-content/uploads/metricool-wordpress-autopublicacion-de-publicaciones.webp', 'twitter:data1': 'Fernando Acevedo', 'twitter:data2': 'Menos de un minuto', 'article:modified_time': '2024-02-15T16:26:28+01:00', 'og:type': 'article', 'article:section': 'Automatización', 'og:image:alt': 'Guía cómo autopublicar contenidos en redes sociales WordPress + Metricool', 'twitter:title': '▷ Guía cómo autopublicar contenidos en redes sociales Wordpress + Metricool - NUVAWEB', 'og:title': '▷ Guía cómo autopublicar contenidos en redes sociales Wordpress + Metricool - NUVAWEB', 'og:image:height': '628', 'og:updated_time': '2024-02-15T16:26:28+01:00', 'viewport': 'width=device-width, initial-scale=1', 'twitter:description': 'Aprende a autopublicar tus contenidos de Wordpress a tus redes sociales con Metricool de forma automatizada con la vinculación de tu feed.', 'og:locale': 'es_ES', 'og:url': 'https://nuvaweb.com/guia-como-autopublicar-contenidos-en-redes-sociales-wordpress-metricool/'}]","[{'src': 'https://encrypted-tbn0.gstatic.com/images?q=tbn:ANd9GcQ-9Z5gq2OulRdUVWN53_kWJpbauyJqRW2rvaIdWIDJplUWOjo5mYsupwU&s', 'width': '311', 'height': '162'}]",,[{'src': 'https://nuvaweb.com/wp-content/uploads/metricool-wordpress-autopublicacion-de-publicaciones.webp'}],,,,,,,,,,,,,,,,,,,,,,,,,,,,
customsearch#result,¿Autopublicar una baraja de tarot o enviarla a una editorial ...,¿<b>Autopublicar</b> una baraja de tarot o enviarla a una editorial ...,https://www.reddit.com/r/TarotDecks/comments/ybrvp0/selfpublishing_a_tarot_deck_or_submitting_it_to_a/?tl=es-es,www.reddit.com,"Oct 23, 2022 ... Utilizar una impresora externa es genial para el margen de beneficio, pero normalmente requiere una gran inversión inicial para la tirada de ...","Oct 23, 2022 <b>...</b> Utilizar una impresora externa es genial para el margen de beneficio, pero normalmente requiere una gran inversión inicial para la tirada de&nbsp;...",https://www.reddit.com/.../selfpublishing_a_tarot_deck_or_submitting_it_t...,https://www.reddit.com/.../selfpublishing_a_tarot_deck_or_submitting_it_t...,"[{'og:image': 'https://share.redd.it/preview/post/ybrvp0?tl=es-es', 'theme-color': '#000000', 'og:image:width': '1200', 'og:type': 'website', 'og:image:alt': 'An image containing a preview of the post', 'twitter:card': 'summary_large_image', 'twitter:title': 'r/TarotDecks on Reddit: ¿Autopublicar una baraja de tarot o enviarla a una editorial importante?', 'og:site_name': 'Reddit', 'og:title': 'r/TarotDecks on Reddit: ¿Autopublicar una baraja de tarot o enviarla a una editorial importante?', 'og:image:height': '630', 'msapplication-navbutton-color': '#000000', 'og:description': 'Posted by u/Sad_Key_2602 - 19 votes and 9 comments', 'twitter:image': 'https://share.redd.it/preview/post/ybrvp0?tl=es-es', 'apple-mobile-web-app-status-bar-style': 'black', 'twitter:site': '@reddit', 'viewport': 'width=device-width, initial-scale=1, viewport-fit=cover', 'apple-mobile-web-app-capable': 'yes', 'og:ttl': '600', 'og:url': 'https://www.reddit.com/r/TarotDecks/comments/ybrvp0/selfpublishing_a_tarot_deck_or_submitting_it_to_a/?tl=es-es?tl=es-es'}]",,,[{'src': 'https://share.redd.it/preview/post/ybrvp0?tl=es-es'}],,,,,,,,,,,,,,,,,,,,,,,,,,,,
customsearch#result,Autopublicar | Editorial Céfiro,<b>Autopublicar</b> | Editorial Céfiro,https://editorialcefiro.com/autopublicar/,editorialcefiro.com,Autopublicar es la mejor y más moderna opción para abrirse paso en el mundo literario. Editorial Céfiro cuenta con los profesionales capaces de lograr...,<b>Autopublicar</b> es la mejor y más moderna opción para abrirse paso en el mundo literario. Editorial Céfiro cuenta con los profesionales capaces de lograr...,https://editorialcefiro.com/autopublicar/,https://editorialcefiro.com/<b>autopublicar</b>/,"[{'og:type': 'article', 'twitter:card': 'summary_large_image', 'og:site_name': 'Editorial Céfiro', 'twitter:site': '@EditorialCefiro', 'article:modified_time': '2019-02-10T12:35:07+00:00', 'viewport': 'width=device-width, initial-scale=1.0', 'og:title': 'Autopublicar | Editorial Céfiro', 'og:locale': 'es_ES', 'og:url': 'https://editorialcefiro.com/autopublicar/', 'msapplication-tileimage': 'https://editorialcefiro.com/wp-content/uploads/2018/09/cropped-Favicon-Céfiro-512x512-PNG-270x270.png', 'og:description': 'Autopublicar es la mejor y más moderna opción para abrirse paso en el mundo literario. Editorial Céfiro cuenta con los profesionales capaces de lograr...', 'article:publisher': 'https://www.facebook.com/editorialcaliope/'}]","[{'src': 'https://encrypted-tbn0.gstatic.com/images?q=tbn:ANd9GcRYhXDK5WiFfKGmjU0CY5DHS0rk3BvT9gFW_EXteGRW62T4o1fN9lT989o&s', 'width': '292', 'height': '173'}]",,[{'src': 'https://editorialcefiro.com/wp-content/uploads/2018/12/Logo-Cefiro-Negro-300-PNG.png'}],,,,,,,,,,,,,,,,,,,,,,,,,,,,
customsearch#result,Cómo autopublicar tu libro. 1.A.- Scrivener | Miguel Ángel Alonso ...,Cómo <b>autopublicar</b> tu libro. 1.A.- Scrivener | Miguel Ángel Alonso ...,https://miguelangelalonsopulido.com/como-autopublicar-tu-libro-scrivener/,miguelangelalonsopulido.com,"Mar 23, 2014 ... Con Scrivener es tan simple como darle a compilar y seleccionar el formato de epub. Ya está, no necesitas nada más. Con Scrivener conseguirás el ...","Mar 23, 2014 <b>...</b> Con Scrivener es tan simple como darle a compilar y seleccionar el formato de epub. Ya está, no necesitas nada más. Con Scrivener conseguirás el&nbsp;...",https://miguelangelalonsopulido.com/como-autopublicar-tu-libro-scrivener/,https://miguelangelalonsopulido.com/como-<b>autopublicar</b>-tu-libro-scrivener/,"[{'viewport': 'width=device-width, initial-scale=1.0, maximum-scale=1.0, user-scalable=0', 'msapplication-tileimage': 'https://miguelangelalonsopulido.com/wp-content/uploads/2019/01/cropped-favicon-270x270.png'}]","[{'src': 'https://encrypted-tbn0.gstatic.com/images?q=tbn:ANd9GcToBaATUqvxFyjRXzEcsmInzuQdJQCNvWw7jWOQ58axZ6Z-zbYcjdw5jEdL&s', 'width': '268', 'height': '188'}]",,[{'src': 'https://farm3.staticflickr.com/2878/13331742445_90b34451ae_o.jpg'}],,,,,,,,,,,,,,,,,,,,,,,,,,,,
customsearch#result,Cómo Autopublicar un Libro Infantil en 8 Pasos - BookBildr,Cómo <b>Autopublicar</b> un Libro Infantil en 8 Pasos - BookBildr,https://www.bookbildr.com/es/como-autopublicar-un-libro-infantil-en-8-pasos/,www.bookbildr.com,Cómo Autopublicar un Libro Infantil en 8 Pasos · 1. Comienza con un manuscrito bien elaborado · 2. Decide el formato de tu libro · 3. Contrata a un ilustrador.,Cómo <b>Autopublicar</b> un Libro Infantil en 8 Pasos &middot; 1. Comienza con un manuscrito bien elaborado &middot; 2. Decide el formato de tu libro &middot; 3. Contrata a un ilustrador.,https://www.bookbildr.com/.../como-autopublicar-un-libro-infantil-en-8-pa...,https://www.bookbildr.com/.../como-<b>autopublicar</b>-un-libro-infantil-en-8-pa...,"[{'og:image': 'https://www.bookbildr.com/wp-content/uploads/2023/02/writing-children-book.jpeg', 'og:type': 'article', 'article:published_time': '2023-11-10T10:51:36+00:00', 'og:image:width': '1920', 'twitter:card': 'summary_large_image', 'og:site_name': 'BookBildr', 'author': 'Florencia Rega', 'og:title': 'Cómo Autopublicar un Libro Infantil en 8 Pasos - BookBildr', 'og:image:height': '1280', 'twitter:label1': 'Escrito por', 'twitter:label2': 'Tiempo de lectura', 'og:image:type': 'image/jpeg', 'msapplication-tileimage': 'https://www.bookbildr.com/wp-content/uploads/2020/03/cropped-favicon-270x270.png', 'og:description': '¿Estás pensando en autopublicar un libro infantil? En este artículo, te diremos todo lo que necesitas saber para comenzar.', 'twitter:data1': 'Florencia Rega', 'twitter:data2': '3 minutos', 'og:locale:alternate': 'en_US', 'article:modified_time': '2023-11-10T10:51:38+00:00', 'viewport': 'width=device-width, initial-scale=1', 'og:locale': 'es_ES', 'og:url': 'https://www.bookbildr.com/es/como-autopublicar-un-libro-infantil-en-8-pasos/'}]","[{'src': 'https://encrypted-tbn0.gstatic.com/images?q=tbn:ANd9GcSxEhxJS7r3xpYcDaQoPqM0gi9uUC6PKM726Oj0dE92o6_jTeC18EV5hJE&s', 'width': '275', 'height': '183'}]",,[{'src': 'https://www.bookbildr.com/wp-content/uploads/2023/02/writing-children-book.jpeg'}],,,,,,,,"[{'name': 'Florencia Rega', 'url': 'Florencia Rega'}]",,,,,"[{'text': 'Autopublicar un libro infantil es un viaje emocionante. Permite a los autores mostrar su creatividad y llegar a una audiencia más amplia con su trabajo. Sin embargo, puede ser abrumador para...', 'headline': 'Cómo Autopublicar un Libro Infantil en 8 Pasos'}]",,,,,,,,,,,,,,,
customsearch#result,"Autopublicar no es un fracaso, es una opción | by Clara Tiscar i ...","<b>Autopublicar</b> no es un fracaso, es una opción | by Clara Tiscar i ...",https://medium.com/@claratiscar/autopublicar-no-es-un-fracaso-es-una-opci%C3%B3n-a374a72badbf,medium.com,"Jan 18, 2017 ... Autopublicar no es un fracaso, es una opción ... Publicar ya no es lo que era. Muchas cosas han cambiado en los últimos años, algo importante es ...","Jan 18, 2017 <b>...</b> <b>Autopublicar</b> no es un fracaso, es una opción ... Publicar ya no es lo que era. Muchas cosas han cambiado en los últimos años, algo importante es&nbsp;...",https://medium.com/.../autopublicar-no-es-un-fracaso-es-una-opción-a374a...,https://medium.com/.../<b>autopublicar</b>-no-es-un-fracaso-es-una-opción-a374a...,"[{'og:image': 'https://miro.medium.com/v2/resize:fit:800/0*K7-FumfQZ3bzR-P5.jpg', 'twitter:app:url:iphone': 'medium://p/a374a72badbf', 'theme-color': '#000000', 'article:published_time': '2017-11-03T13:06:42.447Z', 'twitter:card': 'summary_large_image', 'og:site_name': 'Medium', 'al:android:package': 'com.medium.reader', 'twitter:label1': 'Reading time', 'twitter:app:id:iphone': '828256236', 'title': 'Autopublicar no es un fracaso, es una opción | by Clara Tiscar i Castells | Medium', 'al:ios:url': 'medium://p/a374a72badbf', 'og:description': 'Publicar ya no es lo que era. Muchas cosas han cambiado en los últimos años, algo importante es que las editoriales ya no siempre son sinónimo de calidad. Deja que me explique: hace unos años, no…', 'twitter:creator': '@claratiscar', 'al:ios:app_store_id': '828256236', 'twitter:data1': '5 min read', 'twitter:site': '@Medium', 'og:type': 'article', 'twitter:title': 'Autopublicar no es un fracaso, es una opción', 'al:ios:app_name': 'Medium', 'author': 'Clara Tiscar i Castells', 'og:title': 'Autopublicar no es un fracaso, es una opción', 'al:web:url': 'https://medium.com/@claratiscar/autopublicar-no-es-un-fracaso-es-una-opci%C3%B3n-a374a72badbf', 'article:author': 'https://medium.com/@claratiscar', 'twitter:image:src': 'https://miro.medium.com/v2/resize:fit:800/0*K7-FumfQZ3bzR-P5.jpg', 'al:android:url': 'medium://p/a374a72badbf', 'referrer': 'unsafe-url', 'fb:app_id': '542599432471018', 'viewport': 'width=device-width,minimum-scale=1,initial-scale=1,maximum-scale=1', 'twitter:description': 'Publicar ya no es lo que era. Muchas cosas han cambiado en los últimos años, algo importante es que las editoriales ya no siempre son sinónimo de calidad. Deja que me explique: hace unos años, no…', 'og:url': 'https://medium.com/@claratiscar/autopublicar-no-es-un-fracaso-es-una-opci%C3%B3n-a374a72badbf', 'twitter:app:name:iphone': 'Medium', 'al:android:app_name': 'Medium'}]","[{'src': 'https://encrypted-tbn0.gstatic.com/images?q=tbn:ANd9GcSHAiDPpe-AprjPNjZLSAfTwlI0SGebu5QvmMne_dxOSOqoQlGE2AZvkQ64&s', 'width': '225', 'height': '225'}]",,[{'src': 'https://miro.medium.com/v2/resize:fit:800/0*K7-FumfQZ3bzR-P5.jpg'}],,,,,,,,,,,,,,,,,,,,,,,,,,,,
customsearch#result,The domain name AutoPublicar.com is for sale,The domain name <b>AutoPublicar</b>.com is for sale,https://autopublicar.com/,autopublicar.com,The domain name AutoPublicar.com is for sale. Make an offer or buy it now at a set price.,The domain name <b>AutoPublicar</b>.com is for sale. Make an offer or buy it now at a set price.,https://autopublicar.com/,https://<b>autopublicar</b>.com/,"[{'og:image': 'https://cdn2.dan.com/assets/public/meta_image-4d82981355bc90e79a8801ee2a706ede37e2473c6c9bd8a645158a371dbacfa5.png', 'og:type': 'product', 'twitter:card': 'summary', 'twitter:title': 'autopublicar.com - Domain Name For Sale | Dan.com', 'og:site_name': 'Dan.com', 'og:price:amount': '3495', 'author': 'Dan.com', 'og:title': 'autopublicar.com - Domain Name For Sale | Dan.com', 'og:price:currency': 'USD', 'csrf-param': 'authenticity_token', 'og:description': 'I found a great domain name for sale on Dan.com. Check it out!', 'twitter:creator': '@undeveloped', 'twitter:site': '@undeveloped', 'viewport': 'width=device-width, minimum-scale=1, initial-scale=1, viewport-fit=cover', 'twitter:description': 'I found a great domain name for sale on @undeveloped. Check it out!', 'extra': '20240921063040', 'csrf-token': 'I_OHu3B24uMnzhGMDbF0BShWYQZlTSOzpHeXna6Jj_qB0OuPvcKDsilOaoUGDGxbXXVhsZnrdUwfrkR5qxie2g', 'og:url': 'https://autopublicar.com/'}]","[{'src': 'https://encrypted-tbn0.gstatic.com/images?q=tbn:ANd9GcSw09usHu50RzMn-IAK-vOT4a0Q9kUjW1nr4ZbOcdWkzqoAwBKX9EHe7Wg&s', 'width': '546', 'height': '92'}]",,[{'src': 'https://cdn2.dan.com/assets/public/meta_image-4d82981355bc90e79a8801ee2a706ede37e2473c6c9bd8a645158a371dbacfa5.png'}],,,,,,,,,"[{'name': 'Dan.com', 'logo': 'https://cdn2.dan.com/assets/logos/dan-8a2c6010cf302a0842978e6a0e4d7cea27442e0bca681841852aa5c299ed44c4.png'}, {'name': 'Domain seller', 'url': 'https://dan.com/domain-seller/domain-seller-30e2f476-41b6-4f87-90a6-3a23d6f18368'}]",,,,,"[{'pricecurrency': 'USD', 'price': '3495', 'name': 'autopublicar.com', 'category': '.com', 'url': 'https://autopublicar.com/'}]",[{'url': 'https://dan.com/buy-domain/autopublicar.com'}],"[{'name': 'autopublicar.com', 'category': '.com', 'url': 'https://autopublicar.com/'}]","[{'fn': 'autopublicar.com', 'url': 'https://autopublicar.com/'}]",,,,,,,,,,,
customsearch#result,Autopublicar - Mahy Xerach Padilla Martín,<b>Autopublicar</b> - Mahy Xerach Padilla Martín,https://www.edicionesantonella.es/es/autopublicar/,www.edicionesantonella.es,"Autopublicar. Autopublicar. SERVICIOS. Si prefieres la autopublicación o solo necesitas algunos de nuestros servicios, Ediciones Antonella te ofrece ...","<b>Autopublicar</b>. <b>Autopublicar</b>. SERVICIOS. Si prefieres la autopublicación o solo necesitas algunos de nuestros servicios, Ediciones Antonella te ofrece&nbsp;...",https://www.edicionesantonella.es/es/autopublicar/,https://www.edicionesantonella.es/es/<b>autopublicar</b>/,"[{'og:image': 'https://images.gestionaweb.cat/3827/imgf-1200-630/diseno-vectorial-4.png', 'og:type': 'website', 'viewport': 'width=device-width, initial-scale=1.0', 'og:title': 'Autopublicar - Mahy Xerach Padilla Martín', 'og:url': 'https://www.edicionesantonella.es/es/autopublicar/'}]","[{'src': 'https://encrypted-tbn0.gstatic.com/images?q=tbn:ANd9GcRnE_i8JAQ0GMUm0PS7EJdl74sLCP9Dt1SJBFCJ0mGdDfCXL-asOy1f1EE&s', 'width': '310', 'height': '163'}]",,[{'src': 'https://images.gestionaweb.cat/3827/imgf-1200-630/diseno-vectorial-4.png'}],,,,,,,,,,,,,,,,,,,,,,,,,,,,
customsearch#result,Autopublicar en Amazon KDP - YouTube,<b>Autopublicar</b> en Amazon KDP - YouTube,https://www.youtube.com/playlist?list=PL3fba8V8brgXlVK7r-xl26D-qqkDytwNB,www.youtube.com,"Aug 16, 2024 ... Autopublicar en Amazon KDP · Como utilizar CONTENIDO A+ para PROMOCIONAR tu libro en Amazon KDP · COMO MAQUETAR EBOOK CON IMÁGENES EN EL ...","Aug 16, 2024 <b>...</b> <b>Autopublicar</b> en Amazon KDP &middot; Como utilizar CONTENIDO A+ para PROMOCIONAR tu libro en Amazon KDP &middot; COMO MAQUETAR EBOOK CON IMÁGENES EN EL&nbsp;...",https://www.youtube.com/playlist?list=PL3fba8V8brgXlVK7r-xl26D...,https://www.youtube.com/playlist?list=PL3fba8V8brgXlVK7r-xl26D...,"[{'apple-itunes-app': 'app-id=544007664, app-argument=https://m.youtube.com/playlist?list=PL3fba8V8brgXlVK7r-xl26D-qqkDytwNB&referring_app=com.apple.mobilesafari-smartbanner, affiliate-data=ct=smart_app_banner_polymer&pt=9008', 'og:image': 'https://i.ytimg.com/vi/4jb39RdHvmI/default.jpg?days_since_epoch=19983', 'twitter:app:url:iphone': 'http://www.youtube.com/playlist?list=PL3fba8V8brgXlVK7r-xl26D-qqkDytwNB&feature=twitter-deep-link', 'twitter:app:id:googleplay': 'com.google.android.youtube', 'theme-color': 'rgba(0, 0, 0, 0)', 'og:image:width': '120', 'twitter:card': 'summary', 'og:site_name': 'YouTube', 'twitter:url': 'https://www.youtube.com/playlist', 'twitter:app:url:ipad': 'http://www.youtube.com/playlist?list=PL3fba8V8brgXlVK7r-xl26D-qqkDytwNB&feature=twitter-deep-link', 'al:android:package': 'com.google.android.youtube', 'twitter:app:name:googleplay': 'YouTube', 'al:ios:url': 'http://www.youtube.com/playlist?list=PL3fba8V8brgXlVK7r-xl26D-qqkDytwNB&feature=applinks', 'twitter:app:id:iphone': '544007664', 'title': 'Autopublicar en Amazon KDP - YouTube', 'og:description': 'En esta lista encontrarás todo lo que necesitas para Crear, maquetar, publicar y promocionar tu libro en Amazon KDP', 'al:ios:app_store_id': '544007664', 'twitter:image': 'https://i.ytimg.com/vi/4jb39RdHvmI/default.jpg?days_since_epoch=19983', 'twitter:site': '@YouTube', 'og:type': 'website', 'twitter:title': 'Autopublicar en Amazon KDP - YouTube', 'al:ios:app_name': 'YouTube', 'og:title': 'Autopublicar en Amazon KDP - YouTube', 'og:image:height': '90', 'twitter:app:id:ipad': '544007664', 'al:web:url': 'http://www.youtube.com/playlist?list=PL3fba8V8brgXlVK7r-xl26D-qqkDytwNB&feature=applinks', 'al:android:url': 'http://www.youtube.com/playlist?list=PL3fba8V8brgXlVK7r-xl26D-qqkDytwNB&feature=applinks', 'fb:app_id': '87741124305', 'twitter:app:url:googleplay': 'http://www.youtube.com/playlist?list=PL3fba8V8brgXlVK7r-xl26D-qqkDytwNB&feature=twitter-deep-link', 'twitter:app:name:ipad': 'YouTube', 'viewport': 'width=device-width, initial-scale=1.0, minimum-scale=1.0, maximum-scale=1.0, user-scalable=no,', 'og:restrictions:age': '18+', 'twitter:description': 'En esta lista encontrarás todo lo que necesitas para Crear, maquetar, publicar y promocionar tu libro en Amazon KDP', 'al:web:should_fallback': 'true', 'og:url': 'https://www.youtube.com/playlist', 'al:android:app_name': 'YouTube', 'twitter:app:name:iphone': 'YouTube'}]","[{'src': 'https://encrypted-tbn0.gstatic.com/images?q=tbn:ANd9GcTswMRX9eDHynCaaNXkZkbXd7AtLhBURFE2mvLETBRknK_qc7pemq7X&s', 'width': '120', 'height': '90'}]",,[{'src': 'https://i.ytimg.com/vi/4jb39RdHvmI/default.jpg?days_since_epoch=19983'}],,,,,,,,,,,,,,,,,,,,,,,,,,,,
customsearch#result,T-edito: una opción para autopublicar en Internet - Ibuks de Papel,T-edito: una opción para <b>autopublicar</b> en Internet - Ibuks de Papel,https://ibuksdepapel.com/t-edito-una-opcion-para-autopublicar-en-internet/,ibuksdepapel.com,"Nov 6, 2023 ... Ayudo a publicar online a escritores independientes que desean mantener el control de sus ventas.","Nov 6, 2023 <b>...</b> Ayudo a publicar online a escritores independientes que desean mantener el control de sus ventas.",https://ibuksdepapel.com/t-edito-una-opcion-para-autopublicar-en-internet/,https://ibuksdepapel.com/t-edito-una-opcion-para-<b>autopublicar</b>-en-internet/,"[{'og:image': 'https://ibuksdepapel.com/wp-content/uploads/2013/11/Tedito.jpg', 'og:type': 'article', 'article:published_time': '2013-11-06T20:04:54+00:00', 'og:image:width': '821', 'twitter:card': 'summary_large_image', 'og:site_name': 'Ibuks de Papel', 'author': 'admin', 'og:title': 'T-edito: una opción para autopublicar en Internet - Ibuks de Papel', 'og:image:height': '401', 'twitter:label1': 'Escrito por', 'twitter:label2': 'Tiempo de lectura', 'og:image:type': 'image/jpeg', 'msapplication-tileimage': 'https://ibuksdepapel.com/wp-content/uploads/2018/04/cropped-Logotipo-270x270.jpg', 'og:description': 'T-edito, una solución a autopublicar en las principales librerías de internet si no resides en los Estados Unidos.', 'twitter:creator': '@ainhoarpide', 'article:publisher': 'https://www.facebook.com/ibuksdepapel/', 'twitter:data1': 'admin', 'twitter:data2': '2 minutos', 'twitter:site': '@ainhoarpide', 'article:modified_time': '2013-11-06T20:13:44+00:00', 'viewport': 'width=device-width,initial-scale=1,user-scalable=no', 'og:locale': 'es_ES', 'og:url': 'https://ibuksdepapel.com/t-edito-una-opcion-para-autopublicar-en-internet/'}]","[{'src': 'https://encrypted-tbn0.gstatic.com/images?q=tbn:ANd9GcTDX8M2TpwUAleDzB4Y3Kb8c7tmAd6QoSSwOqi4TQ1hY59Q8aF-3lcgqw8&s', 'width': '321', 'height': '157'}]","[{'image': 'https://ibuksdepapel.com/wp-content/uploads/2018/04/Logotipo.png', 'author': 'admin', 'name': '06 Nov T-edito: una opción para autopublicar en Internet', 'interactioncount': 'UserComments: 0', 'datecreated': '06 Nov', 'url': 'https://ibuksdepapel.com/'}]",[{'src': 'https://ibuksdepapel.com/wp-content/uploads/2013/11/Tedito.jpg'}],,,,[{}],,,,,,,,,,,,,,,,,,,,,,,,
customsearch#result,Cómo autopublicar un libro - Editorial Alma Mater,Cómo <b>autopublicar</b> un libro - Editorial Alma Mater,https://editorialalmamater.com/asesoramiento-editorial/como-autopublicar-un-libro/,editorialalmamater.com,Una de las opciones para autopublicar un libro es recurrir a algunas de las muchas plataformas que actualmente existen en Internet. Desde la popular Amazon a la ...,Una de las opciones para <b>autopublicar</b> un libro es recurrir a algunas de las muchas plataformas que actualmente existen en Internet. Desde la popular Amazon a la&nbsp;...,https://editorialalmamater.com/asesoramiento.../como-autopublicar-un-libro...,https://editorialalmamater.com/asesoramiento.../como-<b>autopublicar</b>-un-libro...,"[{'og:image': 'https://editorialalmamater.com/wp-content/uploads/2021/10/publicar-libro-min.jpg', 'og:type': 'article', 'article:published_time': '2021-10-27T14:35:08+00:00', 'og:image:width': '1372', 'twitter:card': 'summary_large_image', 'og:site_name': 'Editorial Alma Mater', 'og:title': 'Cómo autopublicar un libro - Editorial Alma Mater', 'og:image:height': '853', 'twitter:label1': 'Escrito por', 'twitter:label2': 'Tiempo de lectura', 'og:image:type': 'image/jpeg', 'msapplication-tileimage': 'https://editorialalmamater.com/wp-content/uploads/2022/06/cropped-icono-270x270.png', 'og:description': 'Dentro de las diferentes opciones que existen para que un autor pueda publicar su obra (ir a página: Diferencias entre la publicación tradicional y la autoedición) hemos de destacar la autoedición. La autoedición de un libro conlleva que el autor se convierta en editor, controlando todo el proceso de publicación de su obra y aprendiendo … Cómo autopublicar un libro Leer más »', 'twitter:data1': 'admin', 'twitter:data2': '20 minutos', 'article:modified_time': '2021-10-27T15:32:39+00:00', 'viewport': 'width=device-width, initial-scale=1', 'og:locale': 'es_ES', 'google-adsense-platform-domain': 'sitekit.withgoogle.com', 'google-adsense-platform-account': 'ca-host-pub-2644536267352236', 'og:url': 'https://editorialalmamater.com/asesoramiento-editorial/como-autopublicar-un-libro/'}]","[{'src': 'https://encrypted-tbn0.gstatic.com/images?q=tbn:ANd9GcSJZHa2O2bWcNPyAAMjIMUbHdOLSJXqNLDRgEfdpRXJniQjMoSnk_wVwaFz&s', 'width': '285', 'height': '177'}]",,[{'src': 'https://editorialalmamater.com/wp-content/uploads/2021/10/publicar-libro-min.jpg'}],,,,,,,,,,,,,,,,,,,,,,,,,,,,
customsearch#result,Las 6 mejores editoriales para autopublicar un libro | Lluvia de Tinta,Las 6 mejores editoriales para <b>autopublicar</b> un libro | Lluvia de Tinta,https://lluviadetinta.com/blog-articulos-sobre-publicacion/6-editoriales-para-autopublicar-un-libro/,lluviadetinta.com,"Apr 28, 2023 ... Caligrama. Caligrama es un sello editorial de autoedición del Grupo Lantia y, actualmente, es la editorial para autopublicar un libro con más ...","Apr 28, 2023 <b>...</b> Caligrama. Caligrama es un sello editorial de autoedición del Grupo Lantia y, actualmente, es la editorial para <b>autopublicar</b> un libro con más&nbsp;...",https://lluviadetinta.com/blog.../6-editoriales-para-autopublicar-un-libro/,https://lluviadetinta.com/blog.../6-editoriales-para-<b>autopublicar</b>-un-libro/,"[{'og:image': 'https://lluviadetinta.com/wp-content/uploads/editoriales-para-autopublicar-un-libro-surtido-libros-fondo-blanco-e1682639538365.webp', 'og:image:width': '900', 'article:published_time': '2023-04-28T01:11:41+01:00', 'twitter:card': 'summary_large_image', 'og:site_name': 'Lluvia de tinta | Traducciones y Correcciones', 'twitter:label1': 'Escrito por', 'twitter:label2': 'Tiempo de lectura', 'og:image:type': 'image/webp', 'msapplication-tileimage': 'https://lluviadetinta.com/wp-content/uploads/mancha-3.svg', 'og:description': 'En el artículo de hoy veremos cómo autopublicar un libro y cuáles son las 6 mejores editoriales de autopublicación de España para poder hacerlo.', 'og:image:secure_url': 'https://lluviadetinta.com/wp-content/uploads/editoriales-para-autopublicar-un-libro-surtido-libros-fondo-blanco-e1682639538365.webp', 'twitter:image': 'https://lluviadetinta.com/wp-content/uploads/editoriales-para-autopublicar-un-libro-surtido-libros-fondo-blanco-e1682639538365.webp', 'twitter:data1': 'Maite Vallejo', 'twitter:data2': '8 minutos', 'article:modified_time': '2024-04-23T17:57:11+01:00', 'og:type': 'article', 'article:section': 'Publicación', 'og:image:alt': 'Editoriales para autopublicar un libro con imagen de montón de libros y libro abierto en fondo blanco.', 'twitter:title': 'Las 6 mejores editoriales para autopublicar un libro | Lluvia de Tinta', 'og:title': 'Las 6 mejores editoriales para autopublicar un libro | Lluvia de Tinta', 'og:image:height': '600', 'og:updated_time': '2024-04-23T17:57:11+01:00', 'article:tag': 'autopublicación', 'viewport': 'width=device-width, initial-scale=1', 'twitter:description': 'En el artículo de hoy veremos cómo autopublicar un libro y cuáles son las 6 mejores editoriales de autopublicación de España para poder hacerlo.', 'og:locale': 'es_ES', 'og:url': 'https://lluviadetinta.com/blog-articulos-sobre-publicacion/6-editoriales-para-autopublicar-un-libro/'}]","[{'src': 'https://encrypted-tbn0.gstatic.com/images?q=tbn:ANd9GcTu9abQYRF3qpTaq_02MNtjQ9Z_T1A8WPv_mrH718WmVHxea1wV9BoqcLSv&s', 'width': '275', 'height': '183'}]",,[{'src': 'https://lluviadetinta.com/wp-content/uploads/editoriales-para-autopublicar-un-libro-surtido-libros-fondo-blanco-e1682639538365.webp'}],,,,,,,,,,,,,,,,,,,,,,,,,,,,
customsearch#result,¿Cuánto cuesta autopublicar un libro? - LAutoeditora,¿Cuánto cuesta <b>autopublicar</b> un libro? - LAutoeditora,https://lautoeditora.com/cuanto-cuesta-autopublicar-un-libro/,lautoeditora.com,"La corrección de estilo​ · PRECIO: 1,75 euros/millar caracteres con espacios e incluye la ortotipográfica · PLAZO: de 5 a 10 días.","La corrección de estilo​ &middot; PRECIO: 1,75 euros/millar caracteres con espacios e incluye la ortotipográfica &middot; PLAZO: de 5 a 10 días.",https://lautoeditora.com/cuanto-cuesta-autopublicar-un-libro/,https://lautoeditora.com/cuanto-cuesta-<b>autopublicar</b>-un-libro/,"[{'og:image': 'https://lautoeditora.com/wp-content/uploads/2022/09/WEB-DESTAC-Como-autopublicar-tu-libro.jpg', 'og:type': 'article', 'article:published_time': '2022-09-08T13:58:11+00:00', 'og:image:width': '768', 'twitter:card': 'summary_large_image', 'og:site_name': 'LAutoeditora', 'author': 'Redacción', 'og:title': '¿Cuánto cuesta autopublicar un libro? - LAutoeditora', 'og:image:height': '488', 'twitter:label1': 'Escrito por', 'twitter:label2': 'Tiempo de lectura', 'og:image:type': 'image/jpeg', 'msapplication-tileimage': 'https://lautoeditora.com/wp-content/uploads/2022/05/cropped-LAutoeditora_Logo_FAVICON-270x270.png', 'og:description': 'Si estás leyendo esto es porque tu libro está listo para sacarlo al mundo. De eso trata este artículo, de cuánto cuesta autopublicar un libro.', 'article:publisher': 'https://www.facebook.com/La-autoeditora-106073862125095', 'twitter:data1': 'Redacción', 'twitter:data2': '3 minutos', 'article:modified_time': '2023-11-24T17:34:06+00:00', 'viewport': 'width=device-width, initial-scale=1, user-scalable=0', 'og:locale': 'es_ES', 'og:url': 'https://lautoeditora.com/cuanto-cuesta-autopublicar-un-libro/'}]","[{'src': 'https://encrypted-tbn0.gstatic.com/images?q=tbn:ANd9GcT7Wm0CxfizGgpyDrBCHsa2QTOC8lHbDxR3SXpyPrH7LDQeaKwkxXfkJkIV&s', 'width': '282', 'height': '179'}]",,[{'src': 'https://lautoeditora.com/wp-content/uploads/2022/09/WEB-DESTAC-Como-autopublicar-tu-libro.jpg'}],,,,,,,,,,,,,,,,,,,,,,,,,,,,
customsearch#result,AUTOPUBLICAR ES LO DE HOY | PLANETA MISTERIO,<b>AUTOPUBLICAR</b> ES LO DE HOY | PLANETA MISTERIO,https://oscargonzalezcruz.com/autopublicar-es-lo-de-hoy,oscargonzalezcruz.com,"Autopublicar es lo de hoy, ¿oíste viejo? · Detrás de cámaras del proceso creativo, editorial y promocional de PLANETA MISTERIO y COLECTIVERO. · El siguiente ...","<b>Autopublicar</b> es lo de hoy, ¿oíste viejo? &middot; Detrás de cámaras del proceso creativo, editorial y promocional de PLANETA MISTERIO y COLECTIVERO. &middot; El siguiente&nbsp;...",https://oscargonzalezcruz.com/autopublicar-es-lo-de-hoy,https://oscargonzalezcruz.com/<b>autopublicar</b>-es-lo-de-hoy,"[{'og:image': 'https://img1.wsimg.com/isteam/ip/e5be82fe-14c1-46ab-b62f-b5120f5e111d/267861.jpg', 'og:type': 'website', 'twitter:card': 'summary', 'twitter:title': 'PM', 'theme-color': '#5d9da9', 'og:site_name': 'PM', 'author': 'PLANETA MISTERIO', 'og:title': 'PM', 'og:description': 'relatos de ciencia ficción', 'twitter:image': 'https://img1.wsimg.com/isteam/ip/e5be82fe-14c1-46ab-b62f-b5120f5e111d/267861.jpg', 'twitter:image:alt': 'PM', 'viewport': 'width=device-width, initial-scale=1', 'twitter:description': 'PLANETA MISTERIO // COLECTIVERO', 'og:locale': 'es_ES', 'og:url': 'https://oscargonzalezcruz.com/autopublicar-es-lo-de-hoy'}]","[{'src': 'https://encrypted-tbn0.gstatic.com/images?q=tbn:ANd9GcQNv4WqfgBo9VWqqHRwYCPb9U1CMYROpohenn11YU_9SKOg_Ap1vjisWFY&s', 'width': '225', 'height': '225'}]",,[{'src': 'https://img1.wsimg.com/isteam/ip/e5be82fe-14c1-46ab-b62f-b5120f5e111d/267861.jpg'}],,,,,,,,,,,,,,,,,,,,,,,,,,,,
customsearch#result,Autopublicar libros en Puerto Rico,<b>Autopublicar</b> libros en Puerto Rico,https://www.facebook.com/events/d41d8cd9/autopublicar-libros-en-puerto-rico/944034509789645/,www.facebook.com,"Literature event by Centro para Puerto Rico Sila M. Calderón and 2 others on Tuesday, November 30 2021 with 126 people interested and 61 people going.","Literature event by Centro para Puerto Rico Sila M. Calderón and 2 others on Tuesday, November 30 2021 with 126 people interested and 61 people going.",https://www.facebook.com/events/.../autopublicar...en.../944034509789645...,https://www.facebook.com/events/.../<b>autopublicar</b>...en.../944034509789645...,"[{'apple-itunes-app': 'app-id=284882215, app-argument=fb://event/?id=944034509789645', 'og:image': 'https://scontent-atl3-2.xx.fbcdn.net/v/t39.30808-6/249923376_4417322858358097_9077630427818308332_n.jpg?stp=c420.0.1080.1080a_dst-jpg_s206x206&_nc_cat=101&ccb=1-7&_nc_sid=1abd25&_nc_ohc=0_rXJ_Yp4CwQ7kNvgGnQ_2r&_nc_ad=z-m&_nc_cid=0&_nc_rml=0&_nc_ht=scontent-atl3-2.xx&_nc_gid=App-JRocEErYnoW8G74n_Ju&oh=00_AYDsLMIktLfNdnAipMs_lbuKKfuqz5yIPmRTnKkQRrdMJg&oe=6701548A', 'og:type': 'article', 'twitter:card': 'summary', 'twitter:title': 'Autopublicar libros en Puerto Rico', 'theme-color': '#FFFFFF', 'al:ios:app_name': 'Facebook', 'og:title': 'Autopublicar libros en Puerto Rico', 'al:android:package': 'com.facebook.katana', 'google': 'notranslate', 'al:ios:url': 'fb://event/?id=944034509789645', 'og:description': 'Literature event by Centro para Puerto Rico Sila M. Calderón and 2 others on Tuesday, November 30 2021 with 126 people interested and 61 people going.', 'al:ios:app_store_id': '284882215', 'twitter:image': 'https://scontent-atl3-2.xx.fbcdn.net/v/t39.30808-6/249923376_4417322858358097_9077630427818308332_n.jpg?stp=c420.0.1080.1080a_dst-jpg_s206x206&_nc_cat=101&ccb=1-7&_nc_sid=1abd25&_nc_ohc=0_rXJ_Yp4CwQ7kNvgGnQ_2r&_nc_ad=z-m&_nc_cid=0&_nc_rml=0&_nc_ht=scontent-atl3-2.xx&_nc_gid=App-JRocEErYnoW8G74n_Ju&oh=00_AYDsLMIktLfNdnAipMs_lbuKKfuqz5yIPmRTnKkQRrdMJg&oe=6701548A', 'al:android:url': 'fb://event/944034509789645', 'referrer': 'origin-when-crossorigin', 'twitter:site': '@facebookapp', 'viewport': 'width=device-width, initial-scale=1, maximum-scale=1.0, user-scalable=no', 'twitter:description': 'Literature event by Centro para Puerto Rico Sila M. Calderón and 2 others on Tuesday, November 30 2021 with 126 people interested and 61 people going.', 'og:locale': 'en_US', 'og:url': 'https://www.facebook.com/events/d41d8cd9/autopublicar-libros-en-puerto-rico/944034509789645/', 'al:android:app_name': 'Facebook'}]","[{'src': 'https://encrypted-tbn0.gstatic.com/images?q=tbn:ANd9GcSrm51_Amni1rvxfc7Fmet9axd_2Qce4BQJZ5n8LP0C3BITdMOpYNYw9r54&s=0', 'width': '131', 'height': '131'}]",,[{'src': 'https://z-m-static.xx.fbcdn.net/rsrc.php/v3/ym/r/c--dqj1H1i_.png'}],,,,,,,,,,,,,,,,,,"[{'image': 'https://scontent-atl3-2.xx.fbcdn.net/v/t39.30808-6/249923376_4417322858358097_9077630427818308332_n.jpg?stp=c420.0.1080.1080a_dst-jpg_s206x206&_nc_cat=101&ccb=1-7&_nc_sid=1abd25&_nc_ohc=0_rXJ_Yp4CwQ7kNvgGnQ_2r&_nc_ad=z-m&_nc_cid=0&_nc_rml=0&_nc_ht=scontent-atl3-2.xx&_nc_gid=App-JRocEErYnoW8G74n_Ju&oh=00_AYDsLMIktLfNdnAipMs_lbuKKfuqz5yIPmRTnKkQRrdMJg&oe=6701548A', 'keywords': 'Classics', 'endDate': '2021-11-30T15:00:00-08:00', 'name': 'Autopublicar libros en Puerto Rico', 'description': '¡Libre de Costo!\nTransmisión Simultánea', 'eventAttendanceMode': 'http://schema.org/OnlineEventAttendanceMode', 'startDate': '2021-11-30T13:00:00-08:00'}]",,,,,,,,,,
customsearch#result,Cómo autopublicar un libro: Guía paso a paso para escribir y ...,Cómo <b>autopublicar</b> un libro: Guía paso a paso para escribir y ...,https://www.goodreads.com/book/show/34532483-c-mo-autopublicar-un-libro,www.goodreads.com,"Mar 6, 2017 ... He descubierto las cosas importantes que hay que hacer y las que hay que evitar porque sólo son una pérdida de tiempo y esfuerzo. Usando los ...","Mar 6, 2017 <b>...</b> He descubierto las cosas importantes que hay que hacer y las que hay que evitar porque sólo son una pérdida de tiempo y esfuerzo. Usando los&nbsp;...",https://www.goodreads.com/book/.../34532483-c-mo-autopublicar-un-libro,https://www.goodreads.com/book/.../34532483-c-mo-<b>autopublicar</b>-un-libro,"[{'og:image': 'https://images-na.ssl-images-amazon.com/images/S/compressed.photo.goodreads.com/books/1489251581i/34532483.jpg', 'next-head-count': '6', 'twitter:title': 'Cómo autopublicar un libro: Guía paso a paso para escri…', 'og:type': 'books.book', 'twitter:card': 'summary', 'og:site_name': 'Goodreads', 'viewport': 'width=device-width', 'twitter:description': '¿Estás buscando una nueva fuente de ingresos? ¿No te cr…', 'og:title': 'Cómo autopublicar un libro: Guía paso a paso para escri…', 'og:url': 'https://www.goodreads.com/book/show/34532483-c-mo-autopublicar-un-libro', 'og:description': '¿Estás buscando una nueva fuente de ingresos? ¿No te cr…', 'twitter:image': 'https://images-na.ssl-images-amazon.com/images/S/compressed.photo.goodreads.com/books/1489251581i/34532483.jpg'}]","[{'src': 'https://encrypted-tbn0.gstatic.com/images?q=tbn:ANd9GcTY_1Nl3XdQszro4ED5uAmS09ePZz8JqXsWFoLkIHk-uckbFtOcLvIEoLiO&s', 'width': '178', 'height': '284'}]",,[{'src': 'https://images-na.ssl-images-amazon.com/images/S/compressed.photo.goodreads.com/books/1489251581i/34532483.jpg'}],,,,,,,,,,,,,,,,,,,,,,,,,,,,
customsearch#result,Cómo autopublicar un libro en México,Cómo <b>autopublicar</b> un libro en México,https://miliandiseno.com.mx/2018/05/19/como-autopublicar-un-libro/,miliandiseno.com.mx,"May 19, 2018 ... Lo primero que tienes que considerar para publicar un libro de manera independiente y por seguridad ante un posible plagio es registrar tu obra ...","May 19, 2018 <b>...</b> Lo primero que tienes que considerar para publicar un libro de manera independiente y por seguridad ante un posible plagio es registrar tu obra&nbsp;...",https://miliandiseno.com.mx/2018/05/19/como-autopublicar-un-libro/,https://miliandiseno.com.mx/2018/05/19/como-<b>autopublicar</b>-un-libro/,"[{'og:image': 'https://miliandiseno.com.mx/wp-content/uploads/2018/05/IMG_3198.jpg', 'og:image:width': '1647', 'article:published_time': '2018-05-19T21:25:43-05:00', 'twitter:card': 'summary_large_image', 'og:site_name': 'Impresión de Libros', 'twitter:label1': 'Escrito por', 'twitter:label2': 'Tiempo de lectura', 'og:image:type': 'image/jpeg', 'msapplication-tileimage': 'https://miliandiseno.com.mx/wp-content/uploads/2024/08/cropped-Diseno-edicion-impresion-libros-270x270.png', 'og:description': 'Como autopublicar un libro. Desde los procesos de registro en México, hasta la impresión y acabado de tu libro. Conoce a detalle como autopublicar un libro en M', 'og:image:secure_url': 'https://miliandiseno.com.mx/wp-content/uploads/2018/05/IMG_3198.jpg', 'twitter:image': 'https://miliandiseno.com.mx/wp-content/uploads/2018/05/IMG_3198.jpg', 'twitter:data1': 'Maximiliano', 'twitter:data2': '6 minutos', 'article:modified_time': '2024-08-30T19:14:16-06:00', 'og:type': 'article', 'article:section': 'Servicios Editoriales', 'og:image:alt': 'edición de libros', 'twitter:title': 'Cómo autopublicar un libro en México', 'og:title': 'Cómo autopublicar un libro en México', 'og:image:height': '1080', 'og:updated_time': '2024-08-30T19:14:16-06:00', 'article:tag': 'casa editorial', 'viewport': 'width=device-width, initial-scale=1', 'twitter:description': 'Como autopublicar un libro. Desde los procesos de registro en México, hasta la impresión y acabado de tu libro. Conoce a detalle como autopublicar un libro en M', 'og:locale': 'es_ES', 'og:url': 'https://miliandiseno.com.mx/2018/05/19/como-autopublicar-un-libro/'}]","[{'src': 'https://encrypted-tbn0.gstatic.com/images?q=tbn:ANd9GcRrvN3QLf4OEakjPV_xquxcB0bTH-00M1m9i3P3hGxyo1CabZONHWcH9C46&s', 'width': '277', 'height': '182'}]",,[{'src': 'https://miliandiseno.com.mx/wp-content/uploads/2018/05/IMG_3198.jpg'}],,,,,,,,,,,,,,,,,,,,,,,,,,,,
customsearch#result,"2581. Autopublicar, checkouts y uso de los foros - Boluda.com","2581. <b>Autopublicar</b>, checkouts y uso de los foros - Boluda.com",https://boluda.com/podcast/2581-autopublicar-checkouts-y-uso-de-los-foros/,boluda.com,"Apr 1, 2024 ... Hoy respondemos preguntas sobre fiscalidad en la autopublicación, cómo mantener un checkout minimalista, y uso de los foros para marketing ...","Apr 1, 2024 <b>...</b> Hoy respondemos preguntas sobre fiscalidad en la autopublicación, cómo mantener un checkout minimalista, y uso de los foros para marketing&nbsp;...",https://boluda.com/podcast/2581-autopublicar-checkouts-y-uso-de-los-foros/,https://boluda.com/podcast/2581-<b>autopublicar</b>-checkouts-y-uso-de-los-foros/,"[{'og:image': 'https://boluda.com/files/autopublicar-checkouts-foros.png', 'og:type': 'article', 'og:image:width': '1280', 'twitter:card': 'summary_large_image', 'og:site_name': 'Boluda.com', 'og:title': '2581. Autopublicar, checkouts y uso de los foros - Boluda.com', 'og:image:height': '720', 'twitter:label1': 'Tiempo de lectura', 'og:image:type': 'image/png', 'og:description': 'Hoy respondemos preguntas sobre fiscalidad en la autopublicación, cómo mantener un checkout minimalista, y uso de los foros para marketing online.', 'article:publisher': 'https://www.facebook.com/boludacom', 'twitter:data1': '2 minutos', 'twitter:site': '@joanboluda', 'article:modified_time': '2024-03-18T08:50:14+00:00', 'viewport': 'width=device-width, initial-scale=1', 'og:locale': 'es_ES', 'og:url': 'https://boluda.com/podcast/2581-autopublicar-checkouts-y-uso-de-los-foros/'}]","[{'src': 'https://encrypted-tbn0.gstatic.com/images?q=tbn:ANd9GcQpZ-k71vsaH6RwKqCQPmkDPdgkP-2WW1xKBPB1o78Fcp6x95jQ4FU3YaY&s', 'width': '300', 'height': '168'}]",,[{'src': 'https://boluda.com/files/autopublicar-checkouts-foros.png'}],,,,[{}],,,,,,,,,,,,,,,"[{'duration': 'PT21M35S', 'contenturl': 'https://boluda.com/podcasts/2581-preguntas-doblaje-ia.mp3', 'encodingformat': 'audio/mpeg', 'uploaddate': '2024-04-01T07:07:37+02:00', 'contentsize': '18.3', 'name': '2581. Autopublicar, checkouts y uso de los foros', 'description': 'Hoy respondemos preguntas sobre fiscalidad en la autopublicación, cómo mantener un checkout minimalista, y uso de los foros para marketing online.'}]",,,,,,,,,
customsearch#result,Lo que implica autopublicar un libro - Pasos y ventajas - techleo,Lo que implica <b>autopublicar</b> un libro - Pasos y ventajas - techleo,https://www.techleo.es/autopublicar-un-libro,www.techleo.es,"Autopublicar un libro significa control sobre calidad y distribución, así como más regalías, no obstante, en el autor recae la responsabilidad.","<b>Autopublicar</b> un libro significa control sobre calidad y distribución, así como más regalías, no obstante, en el autor recae la responsabilidad.",https://www.techleo.es/autopublicar-un-libro,https://www.techleo.es/<b>autopublicar</b>-un-libro,"[{'og:type': 'article', 'viewport': 'width=device-width, initial-scale=1.0'}]","[{'src': 'https://encrypted-tbn0.gstatic.com/images?q=tbn:ANd9GcTLmgKB1pgYwbm_IwV_zpSAk0U-qRQiCPgYAfsUAKBTWRJbuxgixmveaLs&s', 'width': '275', 'height': '100'}]",,[{'src': 'https://www.techleo.es/static/images/logo-de-techleo.png'}],,,,,,,,,,,,,,,,,,,,,,,,,,,,
customsearch#result,Autopublicar un libro para emprender - Flecos Sueltos,<b>Autopublicar</b> un libro para emprender - Flecos Sueltos,https://flecossueltos.com/autopublicar-libro-emprender/,flecossueltos.com,"Dec 10, 2020 ... Autopublicar un libro para emprender · Autopublicar un libro para emprender en tiempos de pandemia · Una página web y ahí estoy yo · El ...","Dec 10, 2020 <b>...</b> <b>Autopublicar</b> un libro para emprender &middot; <b>Autopublicar</b> un libro para emprender en tiempos de pandemia &middot; Una página web y ahí estoy yo &middot; El&nbsp;...",https://flecossueltos.com/autopublicar-libro-emprender/,https://flecossueltos.com/<b>autopublicar</b>-libro-emprender/,"[{'og:image': 'https://flecossueltos.com/wp-content/uploads/autopublicar-libro-emprender.png', 'og:type': 'article', 'article:published_time': '2020-12-10T20:30:16+00:00', 'og:image:width': '841', 'twitter:card': 'summary_large_image', 'og:site_name': 'Flecos Sueltos', 'author': 'Alexander J. Cox', 'og:title': 'Autopublicar un libro para emprender - Flecos Sueltos', 'og:image:height': '474', 'og:image:type': 'image/png', 'msapplication-tileimage': 'https://flecossueltos.com/wp-content/uploads/cropped-FaviconFS-270x270.png', 'og:description': 'Flecos Sueltos Autopublicar un libro para emprender Autopublicar un libro para emprender en tiempos de pandemia.', 'twitter:creator': '@alexanderjcox', 'article:publisher': 'https://www.facebook.com/flecossueltos/', 'article:author': 'https://www.facebook.com/suicidiodel97/', 'twitter:site': '@flecossueltos', 'article:modified_time': '2020-12-13T18:19:49+00:00', 'viewport': 'width=device-width, minimum-scale=1', 'og:locale': 'es_ES', 'og:url': 'https://flecossueltos.com/autopublicar-libro-emprender/'}]","[{'src': 'https://encrypted-tbn0.gstatic.com/images?q=tbn:ANd9GcRzbcJdAIZ28X9-Hl4Zc2MKtChXNn0zaFTz8dWJLJajMOgPXoYow6RiHR92&s', 'width': '299', 'height': '168'}]",,[{'src': 'https://flecossueltos.com/wp-content/uploads/autopublicar-libro-emprender.png'}],,,,,,,,"[{'name': 'Alexander J. Cox', 'description': 'Ldo. por la Escuela Superior de Arte Dramático de Málaga Actor, escritor y guionista.', 'sameas': 'https://www.facebook.com/suicidiodel97/'}]",,,,,,,,,,,,[{'fn': 'Alexander J. Cox'}],,,,,,,,
customsearch#result,Como autopublicar um livro com pouco ou nenhum conteúdo no ...,Como <b>autopublicar</b> um livro com pouco ou nenhum conteúdo no ...,https://www.skillshare.com/en/classes/how-to-self-publish-a-low-or-no-content-book-on-amazon-kdp-for-beginners/666038900,www.skillshare.com,In this class I will show you how to publish your first low or no content book! During the lessons we will create a lined/dotted journal or notebook.,In this class I will show you how to publish your first low or no content book! During the lessons we will create a lined/dotted journal or notebook.,https://www.skillshare.com/en/classes/how-to-self...a.../666038900,https://www.skillshare.com/en/classes/how-to-self...a.../666038900,"[{'apple-itunes-app': 'app-id=916819843, app-argument=skillshare://class/666038900', 'og:image': 'https://static.skillshare.com/uploads/video/thumbnails/c6b0918106d93e18a3d4abf205fc63f6/original', 'og:type': 'skillshare:class', 'twitter:card': 'player', 'og:site_name': 'Skillshare', 'twitter:site:id': '171613435', 'og:title': 'Como autopublicar um livro com pouco ou nenhum conteúdo no Amazon KDP para iniciantes | Katia Galante | Skillshare', 'og:description': 'Você já quis criar seus próprios caderno ou de esboço ou mesmo planejadores? Talvez você tenha uma ideia para um livro voltado a um público específico que gosta...', 'sentry_dsn': 'https://5a74503f02b6406396c08c19bacfdc37@sentry.io/1266982', 'environment': 'prod', 'fb:app_id': '169419436428655', 'twitter:player': 'https://www.skillshare.com/en/embed/video?sessionId=3479306&width=480&height=270&showFullscreenToggle=', 'twitter:player:height': '270', 'twitter:site': '@skillshare', 'twitter:player:stream:content_type': 'video/mp4', 'twitter:player:stream': 'https://www.skillshare.com/en/sessions/download?id=3479306', 'viewport': 'width=device-width, initial-scale=1, viewport-fit=cover', 'og:locale': 'en_US', 'og:url': 'https://www.skillshare.com/en/classes/how-to-self-publish-a-low-or-no-content-book-on-amazon-kdp-for-beginners/666038900', 'twitter:player:width': '480'}]","[{'src': 'https://encrypted-tbn0.gstatic.com/images?q=tbn:ANd9GcRwICE4GWCaAP14GAikEDisT4fjSRm128Qgn7unEmGjGpGKApTWNiFkEVk&s', 'width': '300', 'height': '168'}]",,[{'src': 'https://static.skillshare.com/uploads/video/thumbnails/c6b0918106d93e18a3d4abf205fc63f6/original'}],,,,,,,,,,,,,,,,,,,,,[{}],,,,,,,
customsearch#result,Quiero autopublicar | Talleres Literarios Online,Quiero <b>autopublicar</b> | Talleres Literarios Online,https://talleresliterariosonline.com/servicios-para-autores/quiero-autopublicar/,talleresliterariosonline.com,... autopublicar.El proceso de crear un libro ... Quiero autopublicar. Un autor independiente muchas veces desea no perder el control de su obra. Prefiere ...,... <b>autopublicar</b>.El proceso de crear un libro ... Quiero <b>autopublicar</b>. Un autor independiente muchas veces desea no perder el control de su obra. Prefiere&nbsp;...,https://talleresliterariosonline.com/servicios-para.../quiero-autopublicar/,https://talleresliterariosonline.com/servicios-para.../quiero-<b>autopublicar</b>/,"[{'application-name': 'Talleres Literarios Online', 'og:image': 'https://talleresliterariosonline.com/wp-content/uploads/2015/07/09.jpg?w=676', 'og:type': 'article', 'article:published_time': '2015-07-24T15:38:39+00:00', 'og:image:width': '676', 'og:image:alt': '09', 'twitter:card': 'summary_large_image', 'og:site_name': 'Talleres Literarios Online', 'msapplication-window': 'width=device-width;height=device-height', 'msapplication-tooltip': 'Más de 20 000 personas se están convirtiendo en escritores con nosotros', 'og:title': 'Quiero autopublicar', 'og:image:height': '451', 'og:description': 'Un autor independiente muchas veces desea no perder el control de su obra. Prefiere opinar y escoger a lo largo de todo el proceso y conoce las grandes ventajas de las nuevas tecnologías y de traba…', 'article:publisher': 'https://www.facebook.com/WordPresscom', 'twitter:image': 'https://talleresliterariosonline.com/wp-content/uploads/2015/07/09.jpg?w=640', 'twitter:text:title': 'Quiero autopublicar', 'twitter:image:alt': '09', 'article:modified_time': '2015-07-31T17:37:10+00:00', 'viewport': 'width=device-width, initial-scale=1', 'og:locale': 'es_ES', 'og:url': 'https://talleresliterariosonline.com/servicios-para-autores/quiero-autopublicar/'}]",,,,,,,,,,,,,,,,,,,,,,,"[{'fn': 'Isaac Bacino'}, {'url_text': 'talleresliterariosonline', 'fn': 'talleresliterariosonline', 'nickname': 'talleresliterariosonline', 'url': 'http://talleresliterariosonline.wordpress.com/'}]",,,,,,,,
customsearch#result,todo lo que debes saber para autopublicar,todo lo que debes saber para <b>autopublicar</b>,https://benjidelara.com/autopublicar/,benjidelara.com,Pasos para autopublicar · -Estilo y formato del libro · -ISBN propio o no · -El manuscrito acabado · -Registra tu obra · -Edición del libro · -Portada del libro.,Pasos para <b>autopublicar</b> &middot; -Estilo y formato del libro &middot; -ISBN propio o no &middot; -El manuscrito acabado &middot; -Registra tu obra &middot; -Edición del libro &middot; -Portada del libro.,https://benjidelara.com/autopublicar/,https://benjidelara.com/<b>autopublicar</b>/,"[{'og:image': 'https://benjidelara.com/wp-content/uploads/2021/06/Portada-autopublicar.jpg', 'og:type': 'article', 'article:published_time': '2021-06-11T07:52:07+00:00', 'og:image:width': '482', 'twitter:card': 'summary_large_image', 'og:site_name': 'Benji de Lara', 'author': 'Benji de Lara', 'og:title': 'todo lo que debes saber para autopublicar', 'og:image:height': '283', 'twitter:label1': 'Escrito por', 'twitter:label2': 'Tiempo de lectura', 'og:image:type': 'image/jpeg', 'msapplication-tileimage': 'https://benjidelara.com/wp-content/uploads/2023/12/cropped-cropped-Logo-Benji-270x270.webp', 'og:description': '¿Estás pensando en autopublicar? En este artículo encontrarás todo lo que debes saber para autopublicar tu libro con calidad profesional!!', 'twitter:data1': 'Benji de Lara', 'twitter:data2': '13 minutos', 'article:modified_time': '2023-12-06T16:45:17+00:00', 'viewport': 'width=device-width, initial-scale=1', 'og:locale': 'es_ES', 'og:url': 'https://benjidelara.com/autopublicar/'}]","[{'src': 'https://encrypted-tbn0.gstatic.com/images?q=tbn:ANd9GcQbwFbphzfAeu9rmgjwdHs3MC-w1D47vpQywqJCmOdiQWm3IxhaQXM1KjbV&s', 'width': '293', 'height': '172'}]",,[{'src': 'https://benjidelara.com/wp-content/uploads/2021/06/Portada-autopublicar.jpg'}],,,,,,,,,,,,,,,,,,,,,,,,,,,,
customsearch#result,"Autopublicar en Chile, ¿es hoy posible? – Estrofas del Sur","<b>Autopublicar</b> en Chile, ¿es hoy posible? – Estrofas del Sur",https://estrofasdelsur.cl/autopublicar-en-chile/,estrofasdelsur.cl,"Autopublicar en Chile, ¿es hoy posible? · Amazon KDP. Esta empresa de ecommerce cuenta con las plataformas gratuitas Create Space y Kindle Direct Publishing ( ...","<b>Autopublicar</b> en Chile, ¿es hoy posible? &middot; Amazon KDP. Esta empresa de ecommerce cuenta con las plataformas gratuitas Create Space y Kindle Direct Publishing (&nbsp;...",https://estrofasdelsur.cl/autopublicar-en-chile/,https://estrofasdelsur.cl/<b>autopublicar</b>-en-chile/,"[{'viewport': 'width=device-width, initial-scale=1.0, viewport-fit=cover', 'msapplication-tileimage': 'https://estrofasdelsur.cl/wp-content/uploads/2019/01/logo-mas-chico-5.png'}]","[{'src': 'https://encrypted-tbn0.gstatic.com/images?q=tbn:ANd9GcT6K4n1n1J0ibNyhnxLHD4MGUQjwj5LBP71rW75IBxlr6M-Lw5GpL5oLx9U&s', 'width': '225', 'height': '225'}]",,[{'src': 'https://estrofasdelsur.cl/wp-content/uploads/2019/03/autopublicar-1024x1024.png'}],,,,,,,,,,,,,,,,,,,,,,,,,,,,
customsearch#result,TIPS CÓMO AUTOPUBLICAR TU LIBRO: CON PRESUPUESTO 0 ...,TIPS CÓMO <b>AUTOPUBLICAR</b> TU LIBRO: CON PRESUPUESTO 0 ...,https://www.amazon.es/TIPS-C%C3%93MO-AUTOPUBLICAR-LIBRO-PRESUPUESTO-ebook/dp/B08LQXKRZK,www.amazon.es,"TIPS CÓMO AUTOPUBLICAR TU LIBRO: CON PRESUPUESTO 0€ ... Al hacer clic en el botón, aceptas los Términos de uso de la Tienda Kindle. ... Vendido por Amazon Media EU ...","TIPS CÓMO <b>AUTOPUBLICAR</b> TU LIBRO: CON PRESUPUESTO 0€ ... Al hacer clic en el botón, aceptas los Términos de uso de la Tienda Kindle. ... Vendido por Amazon Media EU&nbsp;...",https://www.amazon.es/TIPS-CÓMO-AUTOPUBLICAR.../B08LQXKRZK,https://www.amazon.es/TIPS-CÓMO-<b>AUTOPUBLICAR</b>.../B08LQXKRZK,"[{'theme-color': '#131921', 'viewport': 'width=device-width, maximum-scale=2, minimum-scale=1, initial-scale=1, shrink-to-fit=no', 'title': 'TIPS CÓMO AUTOPUBLICAR TU LIBRO: CON PRESUPUESTO 0€ eBook : Monferrer Bono, Almudena: Amazon.es: Libros', 'encrypted-slate-token': 'AnYxA+xNX/EJeilwoi+71hqNIQCUUg6KjVYoCnqA339kSzolSZN4m10at/KI6Z/QdW7B70LvOJ765wxk6ADfCMDk0770ARjZpOWQdE9Lek9l1TzazJveB3nsK4bEFzz7FRDMTgZhga8y7+ObIDmot7Y6i6b1yTWausngveKcOpKHM32UPRvUBvBeprqNpypWnKS2WkWv3hXSD2Jt5C2uTh8bVIaqFHCW+BPdv3qdWBATtCjwu+9+iFGv/5AfAnPAdtQeQsWqjJAjgC7a8KILw/I+VsRUux6cAg=='}]",,,,,,,,,,,,,,,,,,,,,,,,,,,,,,,
customsearch#result,Marta Roa Camarena: Mi TFM y la aventura de autopublicar - Llibre ...,Marta Roa Camarena: Mi TFM y la aventura de <b>autopublicar</b> - Llibre ...,https://blogs.uoc.edu/llibredigital/marta-roa-camarena-mi-tfm-y-la-aventura-de-autopublicar/,blogs.uoc.edu,"May 17, 2022 ... Marta Roa Camarena: Mi TFM y la aventura de autopublicar.","May 17, 2022 <b>...</b> Marta Roa Camarena: Mi TFM y la aventura de <b>autopublicar</b>.",https://blogs.uoc.edu/.../marta-roa-camarena-mi-tfm-y-la-aventura-de-autop...,https://blogs.uoc.edu/.../marta-roa-camarena-mi-tfm-y-la-aventura-de-<b>autop</b>...,"[{'msapplication-tilecolor': '#73eeff', 'og:image': 'https://blogs.uoc.edu/llibredigital/wp-content/uploads/sites/174/2022/05/fotoperfil2-2-238x300.jpeg', 'msapplication-config': '/wp-content/themes/starter/img/favicon/secondary/browserconfig.xml', 'og:type': 'article', 'article:published_time': '2022-05-17T17:39:26+00:00', 'twitter:card': 'summary_large_image', 'theme-color': '#ffffff', 'og:site_name': 'Llibre Digital', 'author': 'Llibre Digital', 'og:title': 'Marta Roa Camarena: Mi TFM y la aventura de autopublicar - Llibre Digital', 'twitter:label1': 'Escrito por', 'twitter:label2': 'Tiempo de lectura', 'twitter:label3': 'Written by', 'twitter:data3': 'Llibre Digital', 'og:description': 'Cuando se me invitó a escribir sobre mi experiencia durante el desarrollo de mi TFM, me pareció una oportunidad excelente para realizar un ejercicio de reflexión sobre lo que había supuesto desarrollar un proyecto de[...]', 'twitter:data1': 'Llibre Digital', 'twitter:data2': '5 minutos', 'og:locale:alternate': 'ca_ES', 'article:modified_time': '2022-05-18T08:25:00+00:00', 'viewport': 'width=device-width, initial-scale=1.0, maximum-scale=1.0, user-scalable=no', 'og:locale': 'es_ES', 'og:url': 'https://blogs.uoc.edu/llibredigital/marta-roa-camarena-mi-tfm-y-la-aventura-de-autopublicar/'}]","[{'src': 'https://encrypted-tbn0.gstatic.com/images?q=tbn:ANd9GcSYkHgt4Vl-jy0fJGAd0o3gYdvxPsPPFTpNahr0zSEdNTykzKakmVpbPMI&s', 'width': '200', 'height': '252'}]",,[{'src': 'https://blogs.uoc.edu/llibredigital/wp-content/uploads/sites/174/2022/05/fotoperfil2-2.jpeg'}],,,,,,,,,,,,,,,,,,,,,,,,,,,,
customsearch#result,Laura Emprende | Marketing para emprendedores y escritores ...,Laura Emprende | Marketing para emprendedores y escritores ...,https://www.instagram.com/laura_emprende/p/DAlxphcvoaA/,www.instagram.com,"2 days ago ... 0 likes, 0 comments - laura_emprende on October 1, 2024: ""MARTES DE BLOG Autopublicar un libro es una opción que eligen cada vez más ...","2 days ago <b>...</b> 0 likes, 0 comments - laura_emprende on October 1, 2024: &quot;MARTES DE BLOG <b>Autopublicar</b> un libro es una opción que eligen cada vez más&nbsp;...",https://www.instagram.com/laura_emprende/p/DAlxphcvoaA/,https://www.instagram.com/laura_emprende/p/DAlxphcvoaA/,"[{'og:image': 'https://scontent-atl3-1.cdninstagram.com/v/t51.29350-15/461777646_1079964753523018_7306174029733165985_n.jpg?stp=c216.0.648.648a_dst-jpg_s640x640&_nc_cat=107&ccb=1-7&_nc_sid=18de74&_nc_ohc=swPn88gdeQUQ7kNvgG7LN7H&_nc_ht=scontent-atl3-1.cdninstagram.com&_nc_gid=A_BGf5Q0E_HM6-ET-uH85lc&oh=00_AYDCS4pmuFUhOE3A9IbmCvsQ-UHOloBqy-GO2lTn10YG5A&oe=67025BFE', 'theme-color': '#FFFFFF', 'twitter:card': 'summary_large_image', 'og:site_name': 'Instagram', 'al:android:package': 'com.instagram.android', 'bingbot': 'noarchive', 'medium': 'image', 'al:ios:url': 'instagram://media?id=3469397445652153984', 'og:description': '0 likes, 0 comments - laura_emprende on October 1, 2024: ""MARTES DE BLOG 📝\n\nAutopublicar un libro es una opción que eligen cada vez más escritores de todo el mundo, cansados de esperar que una editorial se interese por su manuscrito. Además del poder de decisión sobre cuándo publicar un título, este camino tiene otras ventajas para los autores, como la libertad creativa, el control total sobre la obra y la obtención de más regalías por la venta de ejemplares. \n\n📚 Hasta hace unos años, la autopublicación (o autoedición, como también se la conoce) se relacionaba con autores novatos o “de segunda”, pero eso ha cambiado. Según un estudio realizado por la consultora Ipsos para Kindle en España, el 78% de los lectores manifestó tener las mismas ganas de leer un libro autopublicado que otro de una editorial tradicional.\n\nEn caso de que todavía no me conozcas, soy Laura Suárez Samper, fundadora de Laura Emprende. Periodista, editora y especialista en marketing de autoridad. Mi misión es a', 'twitter:image': 'https://scontent-atl3-1.cdninstagram.com/v/t51.29350-15/461777646_1079964753523018_7306174029733165985_n.jpg?stp=c216.0.648.648a_dst-jpg_s640x640&_nc_cat=107&ccb=1-7&_nc_sid=18de74&_nc_ohc=swPn88gdeQUQ7kNvgG7LN7H&_nc_ht=scontent-atl3-1.cdninstagram.com&_nc_gid=A_BGf5Q0E_HM6-ET-uH85lc&oh=00_AYDCS4pmuFUhOE3A9IbmCvsQ-UHOloBqy-GO2lTn10YG5A&oe=67025BFE', 'al:ios:app_store_id': '389801252', 'twitter:site': '@instagram', 'instapp:owner_user_id': '370957337', 'og:type': 'article', 'twitter:title': 'Laura Emprende | Marketing para emprendedores y escritores (@laura_emprende) • Instagram photo', 'al:ios:app_name': 'Instagram', 'og:title': 'Laura Emprende | Marketing para emprendedores y escritores on Instagram: ""MARTES DE BLOG 📝\n\nAutopublicar un libro es una opción que eligen cada vez más escritores de todo el mundo, cansados de esperar que una editorial se interese por su manuscrito. Además del poder de decisión sobre cuándo publicar un título, este camino tiene otras ventajas para los autores, como la libertad creativa, el control total sobre la obra y la obtención de más regalías por la venta de ejemplares. \n\n📚 Hasta hace unos años, la autopublicación (o autoedición, como también se la conoce) se relacionaba con autores novatos o “de segunda”, pero eso ha cambiado. Según un estudio realizado por la consultora Ipsos para Kindle en España, el 78% de los lectores manifestó tener las mismas ganas de leer un libro autopublicado que otro de una editorial tradicional.\n\nEn caso de que todavía no me conozcas, soy Laura Suárez Samper, fundadora de Laura Emprende. Periodista, editora y especialista en marketing de autoridad.', 'twitter:maxage': '86400', 'color-scheme': 'light', 'al:android:url': 'https://www.instagram.com/laura_emprende/p/DAlxphcvoaA/', 'fb:app_id': '124024574287414', 'apple-mobile-web-app-status-bar-style': 'default', 'viewport': 'width=device-width, initial-scale=1, minimum-scale=1, maximum-scale=1, viewport-fit=cover', 'mobile-web-app-capable': 'yes', 'og:url': 'https://www.instagram.com/laura_emprende/p/DAlxphcvoaA/', 'al:android:app_name': 'Instagram'}]","[{'src': 'https://encrypted-tbn0.gstatic.com/images?q=tbn:ANd9GcRKr-FMqDA5solEjcFeghljmRnusnU4ZDen-UdH93o_okOXxsyVcMfBegs&s', 'width': '225', 'height': '225'}]",,[{'src': 'https://lookaside.instagram.com/seo/google_widget/crawler/?media_id=3469397445652153984'}],,,,,,,,,,,,,,,,,,,,,,,,,,,,
customsearch#result,5 consejos para autopublicar su libro - Pan House,5 consejos para <b>autopublicar</b> su libro - Pan House,https://editorialpanhouse.com/5-consejos-para-autopublicar-su-libro/,editorialpanhouse.com,"Nov 18, 2022 ... 4. La autoimpresión es cara, pero se acerca más a la vía tradicional. Se pueden autoimprimir los libros antes de publicarlos y esperar que se ...","Nov 18, 2022 <b>...</b> 4. La autoimpresión es cara, pero se acerca más a la vía tradicional. Se pueden autoimprimir los libros antes de publicarlos y esperar que se&nbsp;...",https://editorialpanhouse.com/5-consejos-para-autopublicar-su-libro/,https://editorialpanhouse.com/5-consejos-para-<b>autopublicar</b>-su-libro/,"[{'og:image': 'https://editorialpanhouse.com/wp-content/uploads/2022/11/happy-female-professional-in-glasses-and-suit-holding-tablet-and-making-winner-gesture-while-two-businessmen-working-behind-glass-wall-copy-space-communication-concept-1.jpg', 'og:type': 'article', 'article:published_time': '2022-11-17T20:38:18+00:00', 'og:image:width': '1000', 'twitter:card': 'summary_large_image', 'twitter:title': 'Pan House - 5 consejos para autopublicar su libro', 'og:site_name': 'Pan House', 'author': 'thinkinco', 'og:title': 'Pan House - 5 consejos para autopublicar su libro', 'og:image:height': '667', 'twitter:label1': 'Escrito por', 'twitter:label2': 'Tiempo de lectura', 'og:image:type': 'image/jpeg', 'msapplication-tileimage': 'https://editorialpanhouse.com/wp-content/uploads/2022/11/cropped-icon-1-270x270.png', 'og:description': 'Estos son algunos consejos para dar a conocer tu obra creativa a través del proceso de autopublicación:', 'twitter:data1': 'thinkinco', 'twitter:data2': '3 minutos', 'article:modified_time': '2022-11-18T14:23:30+00:00', 'viewport': 'width=device-width', 'twitter:description': 'Estos son algunos consejos para dar a conocer tu obra creativa a través del proceso de autopublicación:', 'og:locale': 'es_ES', 'og:url': 'https://editorialpanhouse.com/5-consejos-para-autopublicar-su-libro/'}]","[{'src': 'https://encrypted-tbn0.gstatic.com/images?q=tbn:ANd9GcTNM410D9gONG1U-rjtLggtICSmO71p3WSka6pk_-ECj5IiAyvDWjgFGB8&s', 'width': '275', 'height': '183'}]",,[{'src': 'https://editorialpanhouse.com/wp-content/uploads/2022/11/happy-female-professional-in-glasses-and-suit-holding-tablet-and-making-winner-gesture-while-two-businessmen-working-behind-glass-wall-copy-space-communication-concept-1.jpg'}],,,,,,,,,,,,,,,,,,,,,,,,,,,,
customsearch#result,"Editar, autopublicar o autoeditar: la gran cuestión - Cálamo & Cran","Editar, <b>autopublicar</b> o autoeditar: la gran cuestión - Cálamo &amp; Cran",https://www.calamoycran.com/blog/editar-autopublicar-o-autoeditar-la-gran-cuestion/,www.calamoycran.com,"Queremos poner luz en este asunto. Explicar claramente cuál es la función de cada uno en cada caso de forma que, a partir de ahí, la toma de decisiones por ...","Queremos poner luz en este asunto. Explicar claramente cuál es la función de cada uno en cada caso de forma que, a partir de ahí, la toma de decisiones por&nbsp;...",https://www.calamoycran.com/.../editar-autopublicar-o-autoeditar-la-gran-c...,https://www.calamoycran.com/.../editar-<b>autopublicar</b>-o-autoeditar-la-gran-c...,"[{'og:image': 'https://www.calamoycran.com/wp-content/uploads/Editar-autopublicar-o-autoeditar-la-gran-cuestion.jpg', 'og:image:width': '1122', 'article:published_time': '2017-02-01T12:00:57+00:00', 'twitter:card': 'summary_large_image', 'og:site_name': 'Cálamo & Cran', 'twitter:label1': 'Escrito por', 'twitter:label2': 'Tiempo de lectura', 'og:image:type': 'image/jpeg', 'msapplication-tileimage': 'https://www.calamoycran.com/wp-content/uploads/cropped-Favicon-Calamo-270x270.png', 'og:description': '¿Sabes la diferencia entre editar, autopublicar y autoeditar? Icíar Gómez y Álex Herrero te lo cuentan en un encuentro profesional.', 'twitter:creator': '@CalamoyCran', 'article:publisher': 'https://www.facebook.com/calamoycran/', 'og:image:secure_url': 'https://www.calamoycran.com/wp-content/uploads/Editar-autopublicar-o-autoeditar-la-gran-cuestion.jpg', 'twitter:image': 'https://www.calamoycran.com/wp-content/uploads/Editar-autopublicar-o-autoeditar-la-gran-cuestion.jpg', 'twitter:data1': 'Patricia Gómez', 'twitter:data2': '1 minuto', 'twitter:site': '@CalamoyCran', 'article:modified_time': '2022-08-24T09:05:09+00:00', 'og:type': 'article', 'article:section': 'Blog', 'og:image:alt': 'editar', 'twitter:title': 'Editar, autopublicar o autoeditar: la gran cuestión - Cálamo & Cran', 'og:title': 'Editar, autopublicar o autoeditar: la gran cuestión - Cálamo & Cran', 'og:image:height': '685', 'og:updated_time': '2022-08-24T09:05:09+00:00', 'viewport': 'width=device-width, initial-scale=1.0, maximum-scale=1.0, user-scalable=0', 'twitter:description': '¿Sabes la diferencia entre editar, autopublicar y autoeditar? Icíar Gómez y Álex Herrero te lo cuentan en un encuentro profesional.', 'og:locale': 'es_ES', 'position': '1', 'og:url': 'https://www.calamoycran.com/blog/editar-autopublicar-o-autoeditar-la-gran-cuestion/'}]","[{'src': 'https://encrypted-tbn0.gstatic.com/images?q=tbn:ANd9GcQg3wjSENpjFX9WilKPP2I-ECo1k4-32LcK0ikWBKetzfpjcfHMqoR8uql6&s', 'width': '287', 'height': '175'}]",,[{'src': 'https://www.calamoycran.com/wp-content/uploads/Editar-autopublicar-o-autoeditar-la-gran-cuestion.jpg'}],,,,,,,,,,,,,,,,,,,,,,[{}],[{}],,,,,
customsearch#result,Autopublicar NO es gratis - Isabel Veiga López,<b>Autopublicar</b> NO es gratis - Isabel Veiga López,https://www.isabelveigalopez.com/autopublicar-no-es-gratis/,www.isabelveigalopez.com,"Mar 7, 2024 ... Para responder a la pregunta inicial, autopublicar es escribir, reescribir, corregir y enviar a: lectores beta, corrector (o lector profesional ...","Mar 7, 2024 <b>...</b> Para responder a la pregunta inicial, <b>autopublicar</b> es escribir, reescribir, corregir y enviar a: lectores beta, corrector (o lector profesional&nbsp;...",https://www.isabelveigalopez.com/autopublicar-no-es-gratis/,https://www.isabelveigalopez.com/<b>autopublicar</b>-no-es-gratis/,"[{'og:image': 'https://www.isabelveigalopez.com/wp-content/uploads/2024/03/Autopublicar-NO-es-gratis.jpg', 'og:type': 'article', 'article:published_time': '2024-03-07T22:11:45+00:00', 'twitter:card': 'summary_large_image', 'og:site_name': 'Isabel Veiga López', 'author': 'Isabel Veiga López', 'og:title': 'Autopublicar NO es gratis - Isabel Veiga López', 'twitter:label1': 'Escrito por', 'twitter:label2': 'Tiempo de lectura', 'msapplication-tileimage': 'https://www.isabelveigalopez.com/wp-content/uploads/2020/10/IVL-300x300.jpg', 'og:description': 'Lo único gratis en la autopublicación es los lectores beta y subir los archivos. Para lo demás, prepara la cuenta bancaria porque va a temblar', 'twitter:creator': '@isabelveigalope', 'article:author': 'https://www.facebook.com/isabel.veigalopez.94', 'twitter:data1': 'Isabel Veiga López', 'twitter:data2': '7 minutos', 'article:modified_time': '2024-03-07T22:11:47+00:00', 'viewport': 'width=device-width, initial-scale=1.0', 'og:locale': 'es_ES', 'og:url': 'https://www.isabelveigalopez.com/autopublicar-no-es-gratis/'}]","[{'src': 'https://encrypted-tbn0.gstatic.com/images?q=tbn:ANd9GcS0BUwKGe-Duh74s74XcEcF3cYLQw3e_tU1zweT-iIVbH-iibylDXXqE5I&s', 'width': '245', 'height': '206'}]",,[{'src': 'https://www.isabelveigalopez.com/wp-content/uploads/2024/03/Autopublicar-NO-es-gratis.jpg'}],,,,,,,,,,,,,,,,,,,,,,,,,,,,
customsearch#result,Autopublicar un libro - Editorial Círculo Rojo,<b>Autopublicar</b> un libro - Editorial Círculo Rojo,https://editorialcirculorojo.com/autopublicar-un-libro-hoy/,editorialcirculorojo.com,"En la autopublicación, el autor hace un desembolso económico al inicio, correspondiente al pago de los servicios editoriales que la editorial le ofrece. En el ...","En la autopublicación, el autor hace un desembolso económico al inicio, correspondiente al pago de los servicios editoriales que la editorial le ofrece. En el&nbsp;...",https://editorialcirculorojo.com/autopublicar-un-libro-hoy/,https://editorialcirculorojo.com/<b>autopublicar</b>-un-libro-hoy/,"[{'og:image': 'https://editorialcirculorojo.com/wp-content/uploads/page/autopublicar-un-libro-hoy/autopublicar-un-libro.webp', 'og:image:width': '1351', 'twitter:card': 'summary_large_image', 'og:site_name': 'Editorial Círculo Rojo', 'twitter:label1': 'Tiempo de lectura', 'og:image:type': 'image/webp', 'msapplication-tileimage': 'https://editorialcirculorojo.com/wp-content/uploads/cropped-favicon-1-270x270.png', 'og:description': 'Cómo Autopublicar un libro. ¿Todavía no sabes con cómo, dónde o con quién publicar tu libro? Desde Editorial Círculo Rojo te ayudamos hacerlo...', 'twitter:creator': '@Edicirculorojo', 'article:publisher': 'https://www.facebook.com/pages/Editorial-C%C3%ADrculo-Rojo/148222991917861', 'og:image:secure_url': 'https://editorialcirculorojo.com/wp-content/uploads/page/autopublicar-un-libro-hoy/autopublicar-un-libro.webp', 'twitter:image': 'https://editorialcirculorojo.com/wp-content/uploads/page/autopublicar-un-libro-hoy/autopublicar-un-libro.webp', 'twitter:data1': '68 minutos', 'twitter:site': '@Edicirculorojo', 'og:type': 'article', 'og:image:alt': 'Autopublicar un libro', 'twitter:title': 'Autopublicar un libro - Editorial Círculo Rojo', 'og:title': 'Autopublicar un libro - Editorial Círculo Rojo', 'og:image:height': '452', 'og:updated_time': '2023-10-19T04:33:36+02:00', 'article:author': 'https://www.facebook.com/pages/Editorial-C%C3%ADrculo-Rojo/148222991917861', 'viewport': 'width=device-width, initial-scale=1', 'twitter:description': 'Cómo Autopublicar un libro. ¿Todavía no sabes con cómo, dónde o con quién publicar tu libro? Desde Editorial Círculo Rojo te ayudamos hacerlo...', 'og:locale': 'es_ES', 'og:url': 'https://editorialcirculorojo.com/autopublicar-un-libro-hoy/'}]","[{'src': 'https://encrypted-tbn0.gstatic.com/images?q=tbn:ANd9GcRsaBS-ZN1AQbsZb56zDFd1urYvOL7W0gRln0VtT43jiLh90Bn7Mf9u-lg&s', 'width': '388', 'height': '130'}]",,[{'src': 'https://editorialcirculorojo.com/wp-content/uploads/page/autopublicar-un-libro-hoy/autopublicar-un-libro.webp'}],,,,,,,,,,,,,,,,,,,,,,,,,,,,
customsearch#result,¿Cómo Auto Publicar Tu Libro Infantil en 6 Pasos? | Guía Completa ...,¿Cómo <b>Auto Publicar</b> Tu Libro Infantil en 6 Pasos? | Guía Completa ...,https://yourchildrensbook.com/es/auto-publicar-libro-infantil-en-6-pasos/,yourchildrensbook.com,Pasos a Seguir · Paso 1: Escriba · Paso 2: Planee · Paso 3: Escoja un sitio · Paso 4: Revise · Paso 5: Publique · Paso 6: Comercialice · Deja una respuesta ...,Pasos a Seguir &middot; Paso 1: Escriba &middot; Paso 2: Planee &middot; Paso 3: Escoja un sitio &middot; Paso 4: Revise &middot; Paso 5: Publique &middot; Paso 6: Comercialice &middot; Deja una respuesta&nbsp;...,https://yourchildrensbook.com/es/auto-publicar-libro-infantil-en-6-pasos/,https://yourchildrensbook.com/es/auto-publicar-libro-infantil-en-6-pasos/,"[{'p:domain_verify': 'c9a02fcbf6994b9641d7de287e8fac85', 'og:image': 'https://yourchildrensbook.com/wp-content/uploads/2020/10/ESP-01.jpg', 'article:published_time': '2020-10-26T13:14:26+00:00', 'og:image:width': '1080', 'twitter:card': 'summary_large_image', 'theme-color': '#f39011', 'og:site_name': 'Your Childrens Book.com', 'twitter:label1': 'Escrito por', 'twitter:label2': 'Tiempo de lectura', 'og:image:type': 'image/jpeg', 'msapplication-tileimage': 'https://yourchildrensbook.com/wp-content/uploads/2020/07/cropped-Icon-270x270.png', 'og:description': 'Aprende a auto publicar un libro infantil en 6 simples y sencillos pasos. Conoce como ahorrar dinero y ganar tiempo con este sencillo proceso. ¡Entra ahora!', 'twitter:creator': '@CisStudio', 'article:publisher': 'https://www.facebook.com/creativeillustrationsstudio', 'twitter:data1': ""Your Children's Book.com"", 'twitter:data2': '7 minutos', 'twitter:site': '@CisStudio', 'article:modified_time': '2020-11-02T15:35:22+00:00', 'og:type': 'article', 'author': ""Your Children's Book.com"", 'og:title': '¿Cómo Auto Publicar Tu Libro Infantil en 6 Pasos? | Guía Completa 2024', 'og:image:height': '1080', 'og:locale:alternate': 'en_US', 'viewport': 'width=device-width, initial-scale=1', 'og:locale': 'es_ES', 'og:url': 'https://yourchildrensbook.com/es/auto-publicar-libro-infantil-en-6-pasos/'}]","[{'src': 'https://encrypted-tbn0.gstatic.com/images?q=tbn:ANd9GcQEbQysDjjeL-ICHynKDbYMKathAbP2hoItiOj9Z_jeHjknvtKAim0UOEM&s', 'width': '225', 'height': '225'}]",,[{'src': 'https://yourchildrensbook.com/wp-content/uploads/2020/10/ESP-01.jpg'}],,,,,,,,,"[{'logo': 'https://yourchildrensbook.com/wp-content/uploads/2020/08/cropped-logo-final.png', 'url': 'https://yourchildrensbook.com/es/inicio'}, {'logo': 'https://yourchildrensbook.com/wp-content/uploads/2020/08/cropped-logo-final.png', 'url': 'https://yourchildrensbook.com/es/inicio'}]",,,,"[{'text': 'La mayoría de las personas que se han decidido por escribir un libro infantil sabrán dos cosas sobre ello:Primero, es mucho más difícil hacerlo de lo que esperamos (los niños son mucho...', 'headline': '¿Cómo auto publicar tu libro infantil en 6 pasos?'}]",,,,,,,,,,,,,,,
customsearch#result,"Curso cómo publicar , autopublicar un libro online | Letropía","Curso cómo publicar , <b>autopublicar</b> un libro online | Letropía",https://www.letropia.net/curso-como-publicar-autopublicar-un-libro-online/,www.letropia.net,"En este curso, Clara C. Scribá te enseñará todo lo fundamental para tomar las decisiones correctas, ya quieras autopublicar un libro, buscar una editorial ...","En este curso, Clara C. Scribá te enseñará todo lo fundamental para tomar las decisiones correctas, ya quieras <b>autopublicar</b> un libro, buscar una editorial&nbsp;...",https://www.letropia.net/curso-como-publicar-autopublicar-un-libro-online/,https://www.letropia.net/curso-como-publicar-<b>autopublicar</b>-un-libro-online/,"[{'og:image': 'https://www.letropia.net/wp-content/uploads/2018/10/Captura-de-pantalla-2018-10-10-a-las-10.09.12.png', 'og:type': 'article', 'og:image:width': '620', 'twitter:card': 'summary_large_image', 'og:site_name': 'Letropía soluciones en letras', 'og:title': 'Curso cómo publicar , autopublicar un libro online | Letropía', 'og:image:height': '384', 'twitter:label1': 'Tiempo de lectura', 'og:image:type': 'image/png', 'msapplication-tileimage': 'https://www.letropia.net/wp-content/uploads/2019/01/cropped-logo-verde-letro-270x270.jpg', 'og:description': 'Curso cómo publicar, autopublicar un libro online. ¿No sabes cómo publicar tu libro? En este curso completo Todo para publicar tu libro, aprenderás todo lo necesario para ello. ¡Empieza cuando tú quieras!', 'twitter:data1': '8 minutos', 'article:modified_time': '2022-12-27T19:45:33+00:00', 'viewport': 'width=device-width, initial-scale=1.0, maximum-scale=1.0, user-scalable=0', 'og:locale': 'es_ES', 'og:url': 'https://www.letropia.net/curso-como-publicar-autopublicar-un-libro-online/'}]","[{'src': 'https://encrypted-tbn0.gstatic.com/images?q=tbn:ANd9GcQXMJ4MzON2ZaPl6DHtfr7NSOguO0aIKVQaCUcTATuBe19Y9ASyH6FWRuo&s', 'width': '285', 'height': '177'}]",,[{'src': 'https://www.letropia.net/wp-content/uploads/2018/10/Captura-de-pantalla-2018-10-10-a-las-10.09.12.png'}],,,,,,,,,,,,,,,,,,,,,,,,,,,,
customsearch#result,Cómo autopublicar tu cómic con Círculo Rojo,Cómo <b>autopublicar</b> tu cómic con Círculo Rojo,https://blog.editorialcirculorojo.com/como-autopublicar-tu-comic-con-circulo-rojo,blog.editorialcirculorojo.com,"Jul 25, 2022 ... Una vez que haya sido valorado, corregido y maquetado, es el momento de distribuirlo y ahí es donde Círculo Rojo marca la diferencia, ¿por qué?","Jul 25, 2022 <b>...</b> Una vez que haya sido valorado, corregido y maquetado, es el momento de distribuirlo y ahí es donde Círculo Rojo marca la diferencia, ¿por qué?",https://blog.editorialcirculorojo.com/como-autopublicar-tu-comic-con-circu...,https://blog.editorialcirculorojo.com/como-<b>autopublicar</b>-tu-comic-con-circu...,"[{'og:image': 'https://blog.editorialcirculorojo.com/hubfs/como%20autopublicar%20tu%20comic.jpeg', 'twitter:title': 'Cómo autopublicar tu cómic con Círculo Rojo', 'og:image:width': '745', 'og:image:alt': 'como autopublicar tu comic', 'twitter:card': 'summary_large_image', 'og:type': 'article', 'twitter:domain': 'blog.editorialcirculorojo.com', 'author': 'Editorial Circulo Rojo', 'og:title': 'Cómo autopublicar tu cómic con Círculo Rojo', 'og:image:height': '435', 'og:description': 'En este artículo os contamos cómo es posible autopublicar tu cómic con Círculo Rojo, la editorial líder en autopublicación.', 'twitter:image': 'https://blog.editorialcirculorojo.com/hubfs/como%20autopublicar%20tu%20comic.jpeg', 'twitter:image:alt': 'como autopublicar tu comic', 'twitter:site': '@Edicirculorojo', 'viewport': 'width=device-width, initial-scale=1', 'twitter:description': 'En este artículo os contamos cómo es posible autopublicar tu cómic con Círculo Rojo, la editorial líder en autopublicación.', 'og:url': 'https://blog.editorialcirculorojo.com/como-autopublicar-tu-comic-con-circulo-rojo'}]","[{'src': 'https://encrypted-tbn0.gstatic.com/images?q=tbn:ANd9GcTAwR5eGAIF-OmuzZp2-USWt0Zf-2rYBKYmKWlJbIlkM3zFosH-3ZXPBMI&s', 'width': '294', 'height': '171'}]",,[{'src': 'https://blog.editorialcirculorojo.com/hubfs/como%20autopublicar%20tu%20comic.jpeg'}],,,,,,,,,,,,,,,,,,,,,,,,,,,,
customsearch#result,AUTOPUBLICAR: 5 razones para usar Amazon KDP,<b>AUTOPUBLICAR</b>: 5 razones para usar Amazon KDP,https://danielbadosa.com/razones-autopublicar-amazon/,danielbadosa.com,"May 19, 2020 ... Autopublicar: 5 razones para usar Amazon KDP · 1. Autopublicar en la plataforma más conocida · 2. El proceso para autopublicar es sencillo · 3.","May 19, 2020 <b>...</b> <b>Autopublicar</b>: 5 razones para usar Amazon KDP &middot; 1. <b>Autopublicar</b> en la plataforma más conocida &middot; 2. El proceso para <b>autopublicar</b> es sencillo &middot; 3.",https://danielbadosa.com/razones-autopublicar-amazon/,https://danielbadosa.com/razones-<b>autopublicar</b>-amazon/,"[{'og:image': 'https://danielbadosa.com/wp-content/uploads/2020/05/Amazon-KDP.jpg', 'og:type': 'article', 'article:published_time': '2020-05-19T11:05:54+00:00', 'twitter:card': 'summary_large_image', 'twitter:title': '✍︎ AUTOPUBLICAR: 5 razones para usar Amazon KDP', 'og:image:width': '1344', 'og:site_name': 'danielbadosa', 'og:title': '✍︎ AUTOPUBLICAR: 5 razones para usar Amazon KDP', 'og:image:height': '740', 'twitter:label1': 'Escrito por', 'twitter:label2': 'Tiempo de lectura', 'og:updated_time': '2020-09-17T18:17:09+00:00', 'msapplication-tileimage': 'https://danielbadosa.com/wp-content/uploads/2020/05/cropped-Logo-Comillas-Circular-270x270.png', 'og:description': '► Autopublicar se ha convertido en una opción real para escritores nuevos y conocidos. Éstas son cinco razones para elegir Amazon KDP.', 'twitter:image': 'https://danielbadosa.com/wp-content/uploads/2020/05/Amazon-KDP.jpg', 'twitter:data1': 'Daniel Badosa', 'twitter:data2': '6 minutos', 'article:modified_time': '2020-09-17T18:17:09+00:00', 'viewport': 'width=device-width, initial-scale=1.0, maximum-scale=2.0 /><link rel=', 'twitter:description': '► Autopublicar se ha convertido en una opción real para escritores nuevos y conocidos. Éstas son cinco razones para elegir Amazon KDP.', 'og:locale': 'es_ES', 'og:url': 'https://danielbadosa.com/razones-autopublicar-amazon/'}]","[{'src': 'https://encrypted-tbn0.gstatic.com/images?q=tbn:ANd9GcR2ud4EL5DtcFKpdd7bYmctWlN-OK4BqFgbuBM5olZrSlHUTkgc-KogVc0&s', 'width': '303', 'height': '166'}]",,[{'src': 'https://danielbadosa.com/wp-content/uploads/2020/05/Amazon-KDP.jpg'}],,,,,,,,,,,,,,,,,,,,,,,,,,,,
customsearch#result,Autopublicar vs Editorial Tradicional: Elige cual te conviene más ...,<b>Autopublicar</b> vs Editorial Tradicional: Elige cual te conviene más ...,https://infinityideas.studio/escritores/autopublicar-vs-editorial-tradicional-elige-cual-te-conviene-mas/,infinityideas.studio,"Dos Caminos, Un Solo Objetivo: ¿Cómo elegir entre autopublicar o trabajar con una editorial? Cuando un escritor termina su manuscrito, surge una pregunta clave: ...","Dos Caminos, Un Solo Objetivo: ¿Cómo elegir entre <b>autopublicar</b> o trabajar con una editorial? Cuando un escritor termina su manuscrito, surge una pregunta clave:&nbsp;...",https://infinityideas.studio/.../autopublicar-vs-editorial-tradicional-elige-cual...,https://infinityideas.studio/.../<b>autopublicar</b>-vs-editorial-tradicional-elige-cual...,"[{'og:image': 'https://infinityideas.studio/wp-content/uploads/2024/08/Firefly-una-escritora-feliz-escribiendo-en-su-cuaderno_-en-una-biblioteca-dark-academia-scaled.webp', 'og:type': 'article', 'article:published_time': '2024-08-30T14:44:44+00:00', 'og:image:width': '2560', 'twitter:card': 'summary_large_image', 'og:site_name': 'Agencia Literaria | Comunidad de Escritores', 'author': 'Nora_adm0n', 'og:title': 'Autopublicar vs Editorial Tradicional: Elige cual te conviene más - Agencia Literaria | Comunidad de Escritores', 'og:image:height': '1463', 'twitter:label1': 'Escrito por', 'twitter:label2': 'Tiempo de lectura', 'og:image:type': 'image/webp', 'msapplication-tileimage': 'https://infinityideas.studio/wp-content/uploads/2024/07/cropped-Logo-Infinity-Ideas-Studio-270x270.png', 'og:description': 'Cuando terminas tu manuscrito, surge una pregunta clave: ¿optar por la autopublicación o buscar una editorial tradicional? ¡Descúbrelo aquí!', 'twitter:data1': 'Nora_adm0n', 'twitter:data2': '7 minutos', 'article:modified_time': '2024-08-30T14:47:57+00:00', 'viewport': 'width=device-width, initial-scale=1', 'og:locale': 'es_ES', 'og:url': 'https://infinityideas.studio/escritores/autopublicar-vs-editorial-tradicional-elige-cual-te-conviene-mas/'}]","[{'src': 'https://encrypted-tbn0.gstatic.com/images?q=tbn:ANd9GcRroPMBj7ZLs57g0F5jbF6mM7JXgrCWiTu_XXOStQ3pvuuyqx7ubvQjies&s', 'width': '297', 'height': '170'}]",,[{'src': 'https://infinityideas.studio/wp-content/uploads/2024/08/Firefly-una-escritora-feliz-escribiendo-en-su-cuaderno_-en-una-biblioteca-dark-academia-scaled.webp'}],,,,,,,,,,,,,,,,,,,,,,,,[{'headline': 'Agencia Literaria | Comunidad de Escritores'}],,,,
customsearch#result,Las opiniones sobre autopublicar en Amazon de 3 autoras de fantasía,Las opiniones sobre <b>autopublicar</b> en Amazon de 3 autoras de fantasía,https://alcandaya.es/opiniones-sobre-autopublicar-en-amazon/,alcandaya.es,"Jan 18, 2023 ... En mi opinión, para autopublicar con calidad hay que formarse mucho y conocer todos los procesos, aunque no los hagas tú. Entender que si hay ...","Jan 18, 2023 <b>...</b> En mi opinión, para <b>autopublicar</b> con calidad hay que formarse mucho y conocer todos los procesos, aunque no los hagas tú. Entender que si hay&nbsp;...",https://alcandaya.es/opiniones-sobre-autopublicar-en-amazon/,https://alcandaya.es/opiniones-sobre-<b>autopublicar</b>-en-amazon/,"[{'og:image': 'https://alcandaya.es/wp-content/uploads/2023/01/Opiniones-sobre-autopublicar-en-Amazon-1024x576.jpg', 'og:image:width': '900', 'article:published_time': '2023-01-18T07:46:20+00:00', 'twitter:card': 'summary_large_image', 'og:site_name': 'Alcandaya', 'twitter:label1': 'Escrito por', 'twitter:label2': 'Tiempo de lectura', 'og:image:type': 'image/jpeg', 'msapplication-tileimage': 'https://alcandaya.es/wp-content/uploads/2021/11/cropped-favicon-aya-270x270.png', 'og:description': '¿Merece la pena Amazon KDP? Tres escritoras de fantasía ofrecen sus opiniones sobre autopublicar en Amazon, y comparten su experiencia.', 'twitter:creator': '@RaAlcantarilla', 'og:image:secure_url': 'https://alcandaya.es/wp-content/uploads/2023/01/Opiniones-sobre-autopublicar-en-Amazon-1024x576.jpg', 'twitter:image': 'https://alcandaya.es/wp-content/uploads/2023/01/Opiniones-sobre-autopublicar-en-Amazon-1024x576.jpg', 'twitter:data1': 'Raúl Alcantarilla', 'twitter:data2': '6 minutos', 'twitter:site': '@RaAlcantarilla', 'article:modified_time': '2023-07-26T17:22:30+00:00', 'og:type': 'article', 'article:section': 'Autopublicar', 'og:image:alt': 'Opiniones sobre autopublicar en Amazon', 'twitter:title': 'Las opiniones sobre autopublicar en Amazon de 3 autoras de fantasía', 'og:title': 'Las opiniones sobre autopublicar en Amazon de 3 autoras de fantasía', 'og:image:height': '506', 'og:updated_time': '2023-07-26T17:22:30+00:00', 'viewport': 'width=device-width, initial-scale=1', 'twitter:description': '¿Merece la pena Amazon KDP? Tres escritoras de fantasía ofrecen sus opiniones sobre autopublicar en Amazon, y comparten su experiencia.', 'og:locale': 'es_ES', 'og:url': 'https://alcandaya.es/opiniones-sobre-autopublicar-en-amazon/'}]","[{'src': 'https://encrypted-tbn0.gstatic.com/images?q=tbn:ANd9GcRkrxUwJ7MrhZKCpHWZDMstFjIgiNeKX9gCV4fnI4YnK6AyGApLiqQPD9AM&s', 'width': '300', 'height': '168'}]",,[{'src': 'https://alcandaya.es/wp-content/uploads/2023/01/Opiniones-sobre-autopublicar-en-Amazon-1024x576.jpg'}],,,,,,,,"[{'name': 'Raúl Alcantarilla', 'url': 'Raúl Alcantarilla'}]",,,,,"[{'image': 'https://alcandaya.es/wp-content/uploads/2023/01/Opiniones-sobre-autopublicar-en-Amazon.jpg', 'datemodified': '2023-07-26T17:22:30+00:00', 'text': 'Si le preguntases a muchos lectores, lo más probable es que te dijeran que Amazon es malo. Terrible. Una apisonadora de negocios pequeños y familiares, librerías incluidas, que se hayan...', 'headline': 'Las opiniones sobre autopublicar en Amazon de 3 autoras de fantasía', 'datepublished': '2023-01-18T07:46:20+00:00'}]",,,,,,,,,,,,[{'url': 'GeneratePress'}],[{}],,
customsearch#result,Secretos y mitos de autopublicar y publicar con editorial tradicional,Secretos y mitos de <b>autopublicar</b> y publicar con editorial tradicional,https://lauraperezmacho.com/es_es/secretos-y-mitos-de-autopublicar-y-publicar-con-editorial-tradicional/,lauraperezmacho.com,"Jan 6, 2024 ... Autopublicación con editorial: Podrás encontrar un montón de editoriales que venden packs de publicación. Ventajas: Si quieres tener una portada ...","Jan 6, 2024 <b>...</b> Autopublicación con editorial: Podrás encontrar un montón de editoriales que venden packs de publicación. Ventajas: Si quieres tener una portada&nbsp;...",https://lauraperezmacho.com/.../secretos-y-mitos-de-autopublicar-y-publica...,https://lauraperezmacho.com/.../secretos-y-mitos-de-<b>autopublicar</b>-y-publica...,"[{'og:type': 'article', 'article:published_time': '2024-01-06T22:11:12+00:00', 'twitter:card': 'summary_large_image', 'og:site_name': 'Lauraperezmacho.com', 'author': 'Rebelrabbit', 'og:title': 'Secretos y mitos de autopublicar y publicar con editorial tradicional', 'twitter:label1': 'Escrito por', 'twitter:label2': 'Tiempo de lectura', 'msapplication-tileimage': 'https://lauraperezmacho.com/wp-content/uploads/2022/01/cropped-logo-p-270x270.jpg', 'og:description': 'Secretos y mitos de autopublicar y publicar con editorial tradicional ¿Qué ventajas e inconvenientes tienen ambas opciones?', 'twitter:data1': 'Rebelrabbit', 'twitter:data2': '7 minutos', 'article:modified_time': '2024-07-10T07:08:22+00:00', 'viewport': 'width=device-width, initial-scale=1.0', 'og:locale': 'es_ES', 'og:url': 'https://lauraperezmacho.com/es_es/secretos-y-mitos-de-autopublicar-y-publicar-con-editorial-tradicional/'}]",,,,,,,,,,,,,,,,,,,,,,,,,,,,,,,
customsearch#result,Autopublicar libros ilustrados para niños: consejos para autores e ...,<b>Autopublicar</b> libros ilustrados para niños: consejos para autores e ...,https://www.pixartprinting.es/blog/autopublicar-libros-ilustrados-ninos/,www.pixartprinting.es,"Jul 21, 2023 ... De los dos, el de tapa dura es más caro. Luego se tiene que elegir el papel: para los libros de ficción, el papel no estucado puede estar bien, ...","Jul 21, 2023 <b>...</b> De los dos, el de tapa dura es más caro. Luego se tiene que elegir el papel: para los libros de ficción, el papel no estucado puede estar bien,&nbsp;...",https://www.pixartprinting.es/blog/autopublicar-libros-ilustrados-ninos/,https://www.pixartprinting.es/blog/<b>autopublicar</b>-libros-ilustrados-ninos/,"[{'charset': 'utf-8', 'og:image': 'https://www.pixartprinting.es/blog/wp-content/uploads/2023/07/best-chlidren-books-450x250.jpg', 'og:type': 'article', 'og:site_name': 'El Blog de Pixartprinting', 'viewport': 'width=device-width, initial-scale=1', 'author': 'undefined', 'apple-mobile-web-app-title': 'app', 'og:title': 'Autopublicar libros ilustrados para niños: consejos para autores e ilustradores | Pixartprinting', 'mobile-web-app-capable': 'yes', 'og:locale': 'es', 'og:url': 'https://www.pixartprinting.es/blog/autopublicar-libros-ilustrados-ninos/', 'og:description': 'La autopublicación está cada vez más extendida en todo el mundo, no solo para aquellos que quieren escribir novelas o manuales, sino también para autores y creativos de nicho como los que trabajan en publicaciones infantiles'}]","[{'src': 'https://encrypted-tbn0.gstatic.com/images?q=tbn:ANd9GcSASR9mQL1UvllrJWNyX-C5QY1VuSUke6QrS8uLPVqtn7VZexwSL8CCRlc&s', 'width': '301', 'height': '167'}]",,[{'src': 'https://www.pixartprinting.es/blog/wp-content/uploads/2023/07/best-chlidren-books-450x250.jpg'}],,,,,,,,,,,,,,,,,,,,,,,,,,,,
customsearch#result,Cómo es la experiencia de autopublicar en Amazon,Cómo es la experiencia de <b>autopublicar</b> en Amazon,https://www.eldiario.es/tecnologia/diario-turing/autopublicar-amazon_1_5194547.html,www.eldiario.es,"Nov 5, 2013 ... Se trata de una impresión bajo demanda. “Puedes sacarte directamente 10, 20 o 100 libros. Normalmente con cualquier editorial con la que ...","Nov 5, 2013 <b>...</b> Se trata de una impresión bajo demanda. “Puedes sacarte directamente 10, 20 o 100 libros. Normalmente con cualquier editorial con la que&nbsp;...",https://www.eldiario.es/tecnologia/.../autopublicar-amazon_1_5194547.htm...,https://www.eldiario.es/tecnologia/.../<b>autopublicar</b>-amazon_1_5194547.htm...,"[{'cxenseparse:pagetype': 'news', 'og:image': 'https://static.eldiario.es/clip/e1278383-7795-4c14-8219-fd0ef92afbe3_facebook-watermarked-aspect-ratio_default_0.jpg', 'article:published_time': '2013-11-05T20:19:06+01:00', 'article:section': 'Diario Turing', 'og:type': 'news:tech', 'twitter:card': 'summary_large_image', 'twitter:title': 'Cómo es la experiencia de autopublicar en Amazon', 'og:site_name': 'Diario Turing', 'cxenseparse:pageclass': 'article', 'author': 'Diario de Prensa Digital S. L.', 'og:title': 'Diario Turing - Tecnología y sociedad en red', 'nrbi:sections': 'Tecnología', 'og:description': 'Sección de tecnología de eldiario.es, dirigida por Marilín Gonzalo. Contamos el camino que tecnología y sociedad recorren juntas, escribiendo sobre el futuro, o sobre eso que se le llama futuro y que pasa todos los días.', 'twitter:image': 'https://static.eldiario.es/clip/e1278383-7795-4c14-8219-fd0ef92afbe3_twitter-watermarked-aspect-ratio_default_0.jpg', 'article:tag': 'Technology', 'article:modified_time': '2013-11-05T20:19:06+01:00', 'viewport': 'width=device-width, initial-scale=1', 'twitter:description': 'El autor recibe el 70% de la venta de su libro digital en Amazon si éste cuesta más de tres dólares', 'cxenseparse:articleid': '5194547', 'publisher': 'elDiario.es', 'cxenseparse:recs:publishtime': '2013-11-05T19:19:06+00:00', 'og:url': 'http://www.eldiario.es/turing/', 'article:opinion': 'false', 'cxenseparse:recs:articleid': '5194547'}]","[{'src': 'https://encrypted-tbn0.gstatic.com/images?q=tbn:ANd9GcTk4xgaRndPHhOJBT8rLzYYoDviJrC4h_qriNEMPL8hJGB3cF0JVbe5SduA&s', 'width': '311', 'height': '162'}]",,[{'src': 'https://static.eldiario.es/clip/e1278383-7795-4c14-8219-fd0ef92afbe3_facebook-watermarked-aspect-ratio_default_0.jpg'}],,,,[{}],,,,,,,,,,,,,,,,,,,,,,,,
customsearch#result,▷ ¿Qué es la autopublicación de un libro? «,▷ ¿Qué es la autopublicación de un libro? «,https://www.letraminuscula.com/que-es-la-autopublicacion-de-un-libro/,www.letraminuscula.com,"Sep 18, 2021 ... 1. ¿Qué es autopublicar un libro? ... La autopublicación, también llamada autoedición, es la manera de publicar libros más conveniente para los ...","Sep 18, 2021 <b>...</b> 1. ¿Qué es <b>autopublicar</b> un libro? ... La autopublicación, también llamada autoedición, es la manera de publicar libros más conveniente para los&nbsp;...",https://www.letraminuscula.com/que-es-la-autopublicacion-de-un-libro/,https://www.letraminuscula.com/que-es-la-autopublicacion-de-un-libro/,"[{'og:image': 'https://www.letraminuscula.com/wp-content/uploads/autopublicacion.jpg', 'og:image:width': '729', 'article:published_time': '2021-09-18T09:00:00+02:00', 'twitter:card': 'summary_large_image', 'og:site_name': 'Editorial Letra Minúscula', 'twitter:label1': 'Escrito por', 'twitter:label2': 'Tiempo de lectura', 'og:image:type': 'image/jpeg', 'msapplication-tileimage': 'https://www.letraminuscula.com/wp-content/uploads/favicon.ico', 'og:description': 'Cada vez son más los autores independientes que se deciden por la autopublicación de su libro en lugar de hacerlo con una editorial tradicional.', 'twitter:creator': '@edletraminus', 'article:publisher': 'https://www.facebook.com/editorialletraminuscula', 'og:image:secure_url': 'https://www.letraminuscula.com/wp-content/uploads/autopublicacion.jpg', 'twitter:image': 'https://www.letraminuscula.com/wp-content/uploads/autopublicacion.jpg', 'twitter:data1': 'Roberto Augusto', 'twitter:data2': '8 minutos', 'twitter:site': '@edletraminus', 'article:modified_time': '2022-12-26T18:41:49+01:00', 'og:type': 'article', 'article:section': 'Autoedición', 'og:image:alt': 'Qué es la autopublicación de un libro', 'twitter:title': '▷ ¿Qué es la autopublicación de un libro? «', 'uap-token': '5543299387', 'og:title': '▷ ¿Qué es la autopublicación de un libro? «', 'og:image:height': '410', 'og:updated_time': '2022-12-26T18:41:49+01:00', 'viewport': 'width=device-width, initial-scale=1', 'twitter:description': 'Cada vez son más los autores independientes que se deciden por la autopublicación de su libro en lugar de hacerlo con una editorial tradicional.', 'og:locale': 'es_ES', 'og:url': 'https://www.letraminuscula.com/que-es-la-autopublicacion-de-un-libro/'}]","[{'src': 'https://encrypted-tbn0.gstatic.com/images?q=tbn:ANd9GcSxfDr8prquQlFKuV_KkUGaghOG4tryLPW4KK3WUem8BO1pWCY06IxLDck&s', 'width': '300', 'height': '168'}]",,[{'src': 'https://www.letraminuscula.com/wp-content/uploads/autopublicacion.jpg'}],,,,,,,,,,,,,,,,,,,,,,,,,,,"[{'commentcount': '| 10 Comentarios', 'author': '| Roberto Augusto', 'about': '| Autoedición', 'datepublished': '| 18/09/2021'}]",
customsearch#result,Hebras de Tinta . Quiero autopublicar mi libro - Publica con nosotros,Hebras de Tinta . Quiero <b>autopublicar</b> mi libro - Publica con nosotros,https://hebrasdetinta.es/quiero-autopublicar-mi-libro,hebrasdetinta.es,"Autoeditar. Para editar un texto, es decir, presentarlo ante el lector con todos los parámetros que incluyen las normas de la edición hay que tener conocimiento ...","Autoeditar. Para editar un texto, es decir, presentarlo ante el lector con todos los parámetros que incluyen las normas de la edición hay que tener conocimiento&nbsp;...",https://hebrasdetinta.es/quiero-autopublicar-mi-libro,https://hebrasdetinta.es/quiero-<b>autopublicar</b>-mi-libro,"[{'og:type': 'article', 'twitter:card': 'summary_large_image', 'og:site_name': 'Hebras de Tinta', 'article:modified_time': '2019-06-12T11:57:35+00:00', 'viewport': 'width=device-width, initial-scale=1.0, maximum-scale=1.0, user-scalable=0', 'og:title': 'Hebras de Tinta . Quiero autopublicar mi libro - Publica con nosotros', 'og:locale': 'es_ES', 'twitter:label1': 'Tiempo de lectura', 'og:url': 'https://hebrasdetinta.es/quiero-autopublicar-mi-libro', 'msapplication-tileimage': 'https://hebrasdetinta.es/wp-content/uploads/2018/07/cropped-favicon-270x270.png', 'og:description': 'Si nos eliges como tu editorial para autopublicar tu libro, te garantizas una edición de calidad, orientación y trato personzalizado. ¡Publica con nosotros!', 'twitter:data1': '24 minutos'}]","[{'src': 'https://encrypted-tbn0.gstatic.com/images?q=tbn:ANd9GcSR7IwWR-bLDlBtHNNHrvXuETl34dWpBh_UnOxxcdmUwXu_bYu1SorOEWk&s', 'width': '225', 'height': '225'}]",,[{'src': 'https://hebrasdetinta.es/wp-content/uploads/2019/06/quiero-autopublicar-3.jpg'}],,,,,,,,,,,,,,,,,,,,,,,,,,,,
customsearch#result,Los Géneros Literarios más Populares para Autopublicar un Libro ...,Los Géneros Literarios más Populares para <b>Autopublicar</b> un Libro ...,https://theprint.blog/es/los-generos-literarios-mas-populares-para-autopublicar-un-libro/,theprint.blog,"¿Cuáles son los géneros más adecuados para la autopublicación? · Romance · Misterio, Thriller y Suspense · Fantasía · Ciencia ficción · No ficción, autoayuda y ...","¿Cuáles son los géneros más adecuados para la autopublicación? &middot; Romance &middot; Misterio, Thriller y Suspense &middot; Fantasía &middot; Ciencia ficción &middot; No ficción, autoayuda y&nbsp;...",https://theprint.blog/.../los-generos-literarios-mas-populares-para-autopublic...,https://theprint.blog/.../los-generos-literarios-mas-populares-para-<b>autopublic</b>...,"[{'og:image': 'https://theprint.blog/wp-content/uploads/2023/07/generos-literarios-autopublicacion-libros.jpg', 'og:image:width': '1200', 'article:published_time': '2023-07-20T14:08:12+00:00', 'twitter:card': 'summary_large_image', 'og:site_name': 'The Print Blog', 'twitter:label1': 'Escrito por', 'twitter:label2': 'Tiempo de lectura', 'og:image:type': 'image/jpeg', 'msapplication-tileimage': 'https://theprint.blog/wp-content/uploads/2024/01/favicon-theprintblog.png', 'og:description': 'La autopublicación ha recorrido un largo camino desde los tiempos en que se consideraba una alternativa para los libros que no se comercializaban. Ahora es un', 'og:image:secure_url': 'https://theprint.blog/wp-content/uploads/2023/07/generos-literarios-autopublicacion-libros.jpg', 'twitter:image': 'https://theprint.blog/wp-content/uploads/2023/07/generos-literarios-autopublicacion-libros.jpg', 'twitter:data1': 'P', 'twitter:data2': '9 minutos', 'article:modified_time': '2024-03-08T16:56:17+00:00', 'og:type': 'article', 'article:section': 'Impresión', 'og:image:alt': 'géneros literarios', 'twitter:title': 'Los Géneros Literarios más Populares para Autopublicar un Libro - The Print Blog', 'og:title': 'Los Géneros Literarios más Populares para Autopublicar un Libro - The Print Blog', 'og:image:height': '1117', 'og:updated_time': '2024-03-08T16:56:17+00:00', 'viewport': 'width=device-width, initial-scale=1, minimum-scale=1', 'twitter:description': 'La autopublicación ha recorrido un largo camino desde los tiempos en que se consideraba una alternativa para los libros que no se comercializaban. Ahora es un', 'og:locale': 'es_ES', 'og:url': 'https://theprint.blog/es/los-generos-literarios-mas-populares-para-autopublicar-un-libro/'}]","[{'src': 'https://encrypted-tbn0.gstatic.com/images?q=tbn:ANd9GcT3PYLb0__wboEmTVek0-gp3_aQd2qEGbDzbm0UbDqvIUnG2dpjCyJJ-rg&s', 'width': '233', 'height': '217'}]",,[{'src': 'https://theprint.blog/wp-content/uploads/2023/07/generos-literarios-autopublicacion-libros.jpg'}],,,,,,,,,,,,,,,,,,,,[{'fn': 'por P'}],,,,,,,,
customsearch#result,Qué debes saber antes de autopublicar un libro - Revenga Ediciones,Qué debes saber antes de <b>autopublicar</b> un libro - Revenga Ediciones,https://revengaediciones.com/que-debes-saber-antes-de-autopublicar-un-libro/,revengaediciones.com,"La autopublicación de un libro puede parecer, a priori, una vía rápida hacia el éxito y el reconocimiento como autor/a, pero antes de que te lances a la ...","La autopublicación de un libro puede parecer, a priori, una vía rápida hacia el éxito y el reconocimiento como autor/a, pero antes de que te lances a la&nbsp;...",https://revengaediciones.com/que-debes-saber-antes-de-autopublicar-un-lib...,https://revengaediciones.com/que-debes-saber-antes-de-<b>autopublicar</b>-un-lib...,"[{'og:image': 'https://revengaediciones.com/wp-content/uploads/2023/04/pexels-vlada-karpovich-4050302-scaled.jpg', 'og:type': 'article', 'article:published_time': '2024-04-26T11:42:57+00:00', 'og:image:width': '2560', 'twitter:card': 'summary_large_image', 'og:site_name': 'Revenga Ediciones', 'author': 'aquihaydominios', 'og:title': 'Qué debes saber antes de autopublicar un libro - Revenga Ediciones', 'og:image:height': '1707', 'twitter:label1': 'Escrito por', 'twitter:label2': 'Tiempo de lectura', 'og:image:type': 'image/jpeg', 'msapplication-tileimage': 'https://revengaediciones.com/wp-content/uploads/2021/01/cropped-favi-270x270.jpg', 'og:description': 'La autopublicación de un libro puede parecer, a priori, una vía rápida hacia el éxito y el reconocimiento como autor/a, pero antes de que te lances a la piscina, es crucial comprender que hay ciertas claves que debes tener en cuenta. Desde los costos involucrados hasta la importancia de la promoción continua, aquí te presento una guía completa para prepararte antes de dar el gran paso de autopublicar tu obra literaria.', 'twitter:data1': 'aquihaydominios', 'twitter:data2': '5 minutos', 'article:modified_time': '2024-04-29T12:28:46+00:00', 'viewport': 'width=device-width, initial-scale=1', 'og:locale': 'es_ES', 'og:url': 'https://revengaediciones.com/que-debes-saber-antes-de-autopublicar-un-libro/'}]","[{'src': 'https://encrypted-tbn0.gstatic.com/images?q=tbn:ANd9GcQONOaT-BE4GNsrQjmiWfLMtz2rxttPmhE8nHJAJ_DeJF5g5vns_h5ruFBc&s', 'width': '275', 'height': '183'}]",,[{'src': 'https://revengaediciones.com/wp-content/uploads/2023/04/pexels-vlada-karpovich-4050302-scaled.jpg'}],,,,,,,,,,,,,"[{'image': 'https://revengaediciones.com/wp-content/uploads/2023/04/pexels-vlada-karpovich-4050302-1024x683.jpg', 'text': 'La autopublicación de un libro puede parecer, a priori, una vía rápida hacia el éxito y el reconocimiento como autor/a, pero antes de que te lances a la piscina, es crucial comprender que...', 'headline': 'Qué debes saber antes de autopublicar un libro'}]",,,,,,,,,,,,,,,
customsearch#result,Self Publishing | eBook & Audiobook | Kobo Writing Life | Rakuten ...,Self Publishing | eBook &amp; Audiobook | Kobo Writing Life | Rakuten ...,https://www.kobo.com/br/pt/p/writinglife,www.kobo.com,Comece a autopublicar eBooks e audiolivros. Realize o seu sonho de se tornar um autor. Começar. Você já tem uma conta? Entrar. O que é a ...,Comece a <b>autopublicar</b> eBooks e audiolivros. Realize o seu sonho de se tornar um autor. Começar. Você já tem uma conta? Entrar. O que é a&nbsp;...,https://www.kobo.com/br/pt/p/writinglife,https://www.kobo.com/br/pt/p/writinglife,"[{'pagetype': 'Boutique', 'apple-itunes-app': 'app-id=301259483', 'og:image': 'https://static.kobo.com/1.0.1.4381/Images/favicon/OGP.png', 'msapplication-square70x70logo': '//static.kobo.com/1.0.1.4381/Images/favicon/mstile-small.png', 'theme-color': '#bf0000', 'twitter:card': 'summary_large_image', 'og:image:width': '1200', 'og:site_name': 'Rakuten Kobo', 'twitter:label1': 'Subtitle', 'msapplication-wide310x150logo': '//static.kobo.com/1.0.1.4381/Images/favicon/mstile-wide.png', 'msapplication-tileimage': '//static.kobo.com/1.0.1.4381/Images/favicon/mstile-144x144.png', 'og:description': 'If you’re a great writer with an entrepreneurial streak, then this is the place for you. Our mission is to make it easy for you to reach readers globally.', 'twitter:creator': '@kobo', 'twitter:image': 'https://static.kobo.com/1.0.1.4381/Images/favicon/OGP.png', 'twitter:site': '@kobo', 'msapplication-square310x310logo': '//static.kobo.com/1.0.1.4381/Images/favicon/mstile-large.png', 'application-name': 'Kobo', 'msapplication-tilecolor': '#bf0000', 'og:type': 'website', 'og:image:alt': 'Self Publishing | eBook & Audiobook | Kobo Writing Life | Rakuten Kobo Brasil', 'og:title': 'Self Publishing | eBook & Audiobook | Kobo Writing Life | Rakuten Kobo Brasil', 'og:image:height': '630', 'msapplication-square150x150logo': '//static.kobo.com/1.0.1.4381/Images/favicon/mstile-medium.png', 'viewport': 'width=device-width, initial-scale=1', 'og:locale': 'pt_BR', 'og:url': 'https://www.kobo.com/br/pt/p/writinglife', 'google-play-app': 'app-id=com.kobobooks.android', 'google-signin-client_id': '483558617429-k47j5ur7bu63tpu3kbj3t999796buc4h.apps.googleusercontent.com'}]","[{'src': 'https://encrypted-tbn0.gstatic.com/images?q=tbn:ANd9GcTJj-Fl2fYFzMi9yXIJ2cwUcG6s0NlBrwSyKuBaFVxT-9chVcBAiDckxfM&s', 'width': '310', 'height': '163'}]",,[{'src': 'https://static.kobo.com/1.0.1.4381/Images/favicon/OGP.png'}],,,,,,,,,,,,,,,,,,,,,,,,,,,,
customsearch#result,Guía práctica: Cómo autopublicar tu primer libro en Amazon con éxito,Guía práctica: Cómo <b>autopublicar</b> tu primer libro en Amazon con éxito,https://media.hey.inc/cultura/Guia-practica-Como-autopublicar-tu-primer-libro-en-Amazon-con-exito.html,media.hey.inc,7 days ago ... Descubre los pasos clave para lanzar tu obra al mundo a través de Amazon. Desde la preparación del manuscrito hasta las estrategias de ...,7 days ago <b>...</b> Descubre los pasos clave para lanzar tu obra al mundo a través de Amazon. Desde la preparación del manuscrito hasta las estrategias de&nbsp;...,https://media.hey.inc/.../Guia-practica-Como-autopublicar-tu-primer-libro-e...,https://media.hey.inc/.../Guia-practica-Como-<b>autopublicar</b>-tu-primer-libro-e...,"[{'template': 'blog-page-content', 'og:image': 'https://media.hey.inc/content/dam/heymedia/cultura/27-09-24-Newsletter-25.png', 'twitter:title': 'Guía práctica: Cómo autopublicar tu primer libro en Amazon con éxito', 'og:type': 'website', 'viewport': 'width=device-width, initial-scale=1', 'twitter:url': 'https://media.hey.inc/cultura/Guia-practica-Como-autopublicar-tu-primer-libro-en-Amazon-con-exito', 'twitter:description': 'Descubre los pasos clave para lanzar tu obra al mundo a través de Amazon. Desde la preparación del manuscrito hasta las estrategias de marketing, te guiamos en el emocionante viaje de convertirte en un autor independiente.', 'og:title': 'Guía práctica: Cómo autopublicar tu primer libro en Amazon con éxito', 'og:url': 'https://media.hey.inc/cultura/Guia-practica-Como-autopublicar-tu-primer-libro-en-Amazon-con-exito', 'defaultfont': 'loto_regular', 'og:description': 'Descubre los pasos clave para lanzar tu obra al mundo a través de Amazon. Desde la preparación del manuscrito hasta las estrategias de marketing, te guiamos en el emocionante viaje de convertirte en un autor independiente.', 'twitter:image': 'https://media.hey.inc/content/dam/heymedia/cultura/27-09-24-Newsletter-25.png'}]","[{'src': 'https://encrypted-tbn0.gstatic.com/images?q=tbn:ANd9GcTsujaNFpI01I3jiS2mtLa4sUBLyAeqIYx94YPptcJclP8_Mt92byDu-sU&s', 'width': '343', 'height': '147'}]",,[{'src': 'https://media.hey.inc/content/dam/heymedia/cultura/27-09-24-Newsletter-25.png'}],"[{'item': 'Cultura', 'name': 'Cultura', 'position': '1'}]",,,,,,"[{'contenturl': 'https://media.hey.inc/adobe/dynamicmedia/deliver/dm-aid--ce462098-d0cc-4c34-88bc-9b05aea0756f/icono-media-corazo-n-1.png?preferwebp=true&quality=85'}, {'contenturl': 'https://media.hey.inc/adobe/dynamicmedia/deliver/dm-aid--7d5fc841-d863-4930-a314-05147c563ddf/newsletter.webp?preferwebp=true&quality=85'}, {'contenturl': 'https://media.hey.inc/content/experience-fragments/heymedia/mx/es/site/contenido/newsletter-popup/master/_jcr_content/root/anseris_container/column-cmp-2/image.coreimg.svg/1702321399879/corazon-inverso.svg'}, {'contenturl': 'https://media.hey.inc/adobe/dynamicmedia/deliver/dm-aid--09fc59e0-0f11-4c20-87b1-8f084e57e667/heymedia-logo-white-1.png?preferwebp=true&quality=85'}]",,,,,,,,,,,,,,,,,,,,,
customsearch#result,Autopublicar,<b>Autopublicar</b>,http://escritores.org/libros/index.php/item/autopublicar,escritores.org,"Novedades editoriales, libros, Escritores, editorial, escritor, escribir, libro.","Novedades editoriales, libros, Escritores, editorial, escritor, escribir, libro.",http://escritores.org/libros/index.php/item/autopublicar,http://escritores.org/libros/index.php/item/<b>autopublicar</b>,"[{'handheldfriendly': 'true', 'viewport': 'width=device-width, initial-scale=1.0, maximum-scale=3.0, user-scalable=yes', 'author': 'José Daniel Martínez Navarro', 'rights': 'Escritores.org'}]",,,,,,,,,,,,,,,,,,,,,,,,,,,,,,,
customsearch#result,¿Autopublicar o publicar con una editorial tradicional? | Diario de ...,¿<b>Autopublicar</b> o publicar con una editorial tradicional? | Diario de ...,https://nereanieto.com/diariodeunaescritora/blog/autopublicar-o-publicar-con-una-editorial-tradicional/,nereanieto.com,"Jun 27, 2021 ... Las principales ventajas de autopublicar son que tú te llevas el 70% de las royalties (en el caso de Amazon), algo muy alejado de lo que te ...","Jun 27, 2021 <b>...</b> Las principales ventajas de <b>autopublicar</b> son que tú te llevas el 70% de las royalties (en el caso de Amazon), algo muy alejado de lo que te&nbsp;...",https://nereanieto.com/.../autopublicar-o-publicar-con-una-editorial-tradicio...,https://nereanieto.com/.../<b>autopublicar</b>-o-publicar-con-una-editorial-tradicio...,"[{'og:image': 'https://nereanieto.com/diariodeunaescritora/wp-content/uploads/2021/06/autopublicar-editorial-tradicional.png', 'og:type': 'article', 'og:image:width': '880', 'article:published_time': '2021-06-27T12:57:50+00:00', 'twitter:card': 'summary_large_image', 'twitter:title': '¿Autopublicar o publicar con una editorial tradicional?', 'og:site_name': 'Diario de una escritora', 'og:title': '¿Autopublicar o publicar con una editorial tradicional?', 'og:image:height': '440', 'google': 'nositelinkssearchbox', 'og:description': '¿Autopublicar o publicar con una editorial tradicional? Es uno de los correos electrónicos que más recibo y una de las dudas que más tienen los escritores noveles que no saben qué hacer con su obra. Hasta ahora, yo tenía una visión sesgada porque sólo había probado una de las dos opciones. Hablaba del tema en', 'fb:pages': '733185706698042', 'og:image:secure_url': 'https://nereanieto.com/diariodeunaescritora/wp-content/uploads/2021/06/autopublicar-editorial-tradicional.png', 'twitter:image': 'https://nereanieto.com/diariodeunaescritora/wp-content/uploads/2021/06/autopublicar-editorial-tradicional.png', 'facebook-domain-verification': '8mek9qrv36f5fjejfuzygdyrqzgjz0', 'article:modified_time': '2022-04-25T12:09:44+00:00', 'viewport': 'width=device-width, initial-scale=1.0, maximum-scale=1.0, user-scalable=0', 'twitter:description': '¿Autopublicar o publicar con una editorial tradicional? Es uno de los correos electrónicos que más recibo y una de las dudas que más tienen los escritores noveles que no saben qué hacer con su obra. Hasta ahora, yo tenía una visión sesgada porque sólo había probado una de las dos opciones. Hablaba del tema en', 'og:locale': 'es_ES', 'og:url': 'https://nereanieto.com/diariodeunaescritora/blog/autopublicar-o-publicar-con-una-editorial-tradicional/', 'verification': '34c4fe7b383f81ab48fffc7079ead3e8'}]","[{'src': 'https://encrypted-tbn0.gstatic.com/images?q=tbn:ANd9GcR2-2wGhfNom-vwp6Zl7JfGyrMs5cbO2uQuUHqK7m2_hrjPswlCwnehHdg&s', 'width': '318', 'height': '159'}]",,[{'src': 'https://nereanieto.com/diariodeunaescritora/wp-content/uploads/2021/06/autopublicar-editorial-tradicional.png'}],,,,,,,,,,,,,,,,,,,,,,,,,,,,
customsearch#result,¿Autopublicar o publicar con una editorial tradicional? | Diario de ...,¿<b>Autopublicar</b> o publicar con una editorial tradicional? | Diario de ...,https://nereanieto.com/diariodeunaescritora/blog/autopublicar-o-publicar-con-una-editorial-tradicional/,nereanieto.com,"Jun 27, 2021 ... Las principales ventajas de autopublicar son que tú te llevas el 70% de las royalties (en el caso de Amazon), algo muy alejado de lo que te ...","Jun 27, 2021 <b>...</b> Las principales ventajas de <b>autopublicar</b> son que tú te llevas el 70% de las royalties (en el caso de Amazon), algo muy alejado de lo que te&nbsp;...",https://nereanieto.com/.../autopublicar-o-publicar-con-una-editorial-tradicio...,https://nereanieto.com/.../<b>autopublicar</b>-o-publicar-con-una-editorial-tradicio...,"[{'og:image': 'https://nereanieto.com/diariodeunaescritora/wp-content/uploads/2021/06/autopublicar-editorial-tradicional.png', 'og:type': 'article', 'og:image:width': '880', 'article:published_time': '2021-06-27T12:57:50+00:00', 'twitter:card': 'summary_large_image', 'twitter:title': '¿Autopublicar o publicar con una editorial tradicional?', 'og:site_name': 'Diario de una escritora', 'og:title': '¿Autopublicar o publicar con una editorial tradicional?', 'og:image:height': '440', 'google': 'nositelinkssearchbox', 'og:description': '¿Autopublicar o publicar con una editorial tradicional? Es uno de los correos electrónicos que más recibo y una de las dudas que más tienen los escritores noveles que no saben qué hacer con su obra. Hasta ahora, yo tenía una visión sesgada porque sólo había probado una de las dos opciones. Hablaba del tema en', 'fb:pages': '733185706698042', 'og:image:secure_url': 'https://nereanieto.com/diariodeunaescritora/wp-content/uploads/2021/06/autopublicar-editorial-tradicional.png', 'twitter:image': 'https://nereanieto.com/diariodeunaescritora/wp-content/uploads/2021/06/autopublicar-editorial-tradicional.png', 'facebook-domain-verification': '8mek9qrv36f5fjejfuzygdyrqzgjz0', 'article:modified_time': '2022-04-25T12:09:44+00:00', 'viewport': 'width=device-width, initial-scale=1.0, maximum-scale=1.0, user-scalable=0', 'twitter:description': '¿Autopublicar o publicar con una editorial tradicional? Es uno de los correos electrónicos que más recibo y una de las dudas que más tienen los escritores noveles que no saben qué hacer con su obra. Hasta ahora, yo tenía una visión sesgada porque sólo había probado una de las dos opciones. Hablaba del tema en', 'og:locale': 'es_ES', 'og:url': 'https://nereanieto.com/diariodeunaescritora/blog/autopublicar-o-publicar-con-una-editorial-tradicional/', 'verification': '34c4fe7b383f81ab48fffc7079ead3e8'}]","[{'src': 'https://encrypted-tbn0.gstatic.com/images?q=tbn:ANd9GcR2-2wGhfNom-vwp6Zl7JfGyrMs5cbO2uQuUHqK7m2_hrjPswlCwnehHdg&s', 'width': '318', 'height': '159'}]",,[{'src': 'https://nereanieto.com/diariodeunaescritora/wp-content/uploads/2021/06/autopublicar-editorial-tradicional.png'}],,,,,,,,,,,,,,,,,,,,,,,,,,,,
customsearch#result,Spotify permite a los creadores autopublicar y monetizar sus ...,Spotify permite a los creadores <b>autopublicar</b> y monetizar sus ...,https://industriamusical.com/spotify-permite-a-los-creadores-autopublicar-y-monetizar-sus-podcasts-de-video/,industriamusical.com,"Apr 27, 2022 ... Spotify permite a los creadores autopublicar y monetizar sus podcasts de video ... A partir del 21 de Abril, todos los creadores de EEUU, Canadá, ...","Apr 27, 2022 <b>...</b> Spotify permite a los creadores <b>autopublicar</b> y monetizar sus podcasts de video ... A partir del 21 de Abril, todos los creadores de EEUU, Canadá,&nbsp;...",https://industriamusical.com/spotify-permite-a-los-creadores-autopublicar-y...,https://industriamusical.com/spotify-permite-a-los-creadores-<b>autopublicar</b>-y...,"[{'msapplication-tilecolor': '#da532c', 'og:image': 'https://industriamusical.com/wp-content/uploads/2022/04/thibault-penin-SwKf1x2_hRo-unsplash-scaled.jpg', 'msapplication-config': '/wp-content/uploads/fbrfg/browserconfig.xml', 'og:type': 'article', 'article:published_time': '2022-04-27T12:31:19+00:00', 'og:image:width': '2560', 'twitter:card': 'summary_large_image', 'theme-color': '#ffffff', 'og:site_name': 'Industria Musical', 'author': 'Dorianns Jaimes', 'og:title': 'Spotify permite a los creadores autopublicar y monetizar sus podcasts de video - Industria Musical', 'og:image:height': '1709', 'twitter:label1': 'Escrito por', 'twitter:label2': 'Tiempo de lectura', 'og:image:type': 'image/jpeg', 'og:description': 'A partir del 21 de Abril, todos los creadores de EEUU, Canadá, Reino Unido, Nueva Zelanda y Australia podrán subir sus propios podcasts de video a Spotify a través de su socio de distribución Anchor. Spotify apuesta por el vídeo para seguir impulsando los podcasts Spotify ha estado invirtiendo constantemente en la idea de que […]', 'twitter:data1': 'Dorianns Jaimes', 'twitter:data2': '3 minutos', 'viewport': 'width=device-width, initial-scale=1, maximum-scale=1', 'og:locale': 'es_ES', 'og:url': 'https://industriamusical.com/spotify-permite-a-los-creadores-autopublicar-y-monetizar-sus-podcasts-de-video/'}]","[{'src': 'https://encrypted-tbn0.gstatic.com/images?q=tbn:ANd9GcRKpuZd5OOqOxNJQzZzwK-GdhAfos-62h7thJv0roi2Pa-J8teJ0R8bIGM&s', 'width': '275', 'height': '183'}]",,[{'src': 'https://industriamusical.com/wp-content/uploads/2022/04/thibault-penin-SwKf1x2_hRo-unsplash-scaled.jpg'}],,,,,,,,,,,,,,,,,,,,,,,,,,,,
customsearch#result,Paola C. Álvarez en LinkedIn: Megaguía sobre cómo autopublicar ...,Paola C. Álvarez en LinkedIn: Megaguía sobre cómo <b>autopublicar</b> ...,https://es.linkedin.com/posts/paola-c-alvarez_megagu%C3%ADa-sobre-c%C3%B3mo-autopublicar-una-novela-activity-6942053355502362625-f7ly?trk=public_profile_share_view,es.linkedin.com,"Jun 13, 2022 ... NUEVO ARTÍCULO EN EL BLOG Megaguía sobre cómo autopublicar una novela romántica. A pesar de que la autopublicación ya está muy extendida y ...","Jun 13, 2022 <b>...</b> NUEVO ARTÍCULO EN EL BLOG Megaguía sobre cómo <b>autopublicar</b> una novela romántica. A pesar de que la autopublicación ya está muy extendida y&nbsp;...",https://es.linkedin.com/.../paola-c-alvarez_megaguía-sobre-cómo-autopubli...,https://es.linkedin.com/.../paola-c-alvarez_megaguía-sobre-cómo-<b>autopubli</b>...,"[{'og:image': 'https://media.licdn.com/dms/image/sync/D4E27AQGr0uXGCHXUYg/articleshare-shrink_800/0/1655114501278?e=2147483647&v=beta&t=zBuBqOHSfzGRv0IwCZ6-zRygIPZ12n4WDIe5H1Qi4DE', 'twitter:title': 'Paola C. Álvarez en LinkedIn: Megaguía sobre cómo autopublicar una novela romántica', 'twitter:card': 'summary_large_image', 'og:type': 'article', 'al:ios:app_name': 'LinkedIn', 'twitter:url': 'https://es.linkedin.com/posts/paola-c-alvarez_megagu%C3%ADa-sobre-c%C3%B3mo-autopublicar-una-novela-activity-6942053355502362625-f7ly', 'og:title': 'Paola C. Álvarez en LinkedIn: Megaguía sobre cómo autopublicar una novela romántica', 'al:android:package': 'com.linkedin.android', 'pagekey': 'p_public_post', 'locale': 'es_ES', 'al:ios:url': 'https://es.linkedin.com/posts/paola-c-alvarez_megagu%C3%ADa-sobre-c%C3%B3mo-autopublicar-una-novela-activity-6942053355502362625-f7ly', 'og:description': 'NUEVO ARTÍCULO EN EL BLOG\nMegaguía sobre cómo autopublicar una novela romántica.\n\n\n\nA pesar de que la autopublicación ya está muy extendida y se ha convertido…', 'al:ios:app_store_id': '288429040', 'twitter:image': 'https://media.licdn.com/dms/image/sync/D4E27AQGr0uXGCHXUYg/articleshare-shrink_800/0/1655114501278?e=2147483647&v=beta&t=zBuBqOHSfzGRv0IwCZ6-zRygIPZ12n4WDIe5H1Qi4DE', 'al:android:url': 'https://es.linkedin.com/posts/paola-c-alvarez_megagu%C3%ADa-sobre-c%C3%B3mo-autopublicar-una-novela-activity-6942053355502362625-f7ly', 'lnkd:url': 'https://es.linkedin.com/feed/update/urn:li:activity:6942053355502362625', 'twitter:site': '@linkedin', 'viewport': 'width=device-width, initial-scale=1.0', 'twitter:description': 'NUEVO ARTÍCULO EN EL BLOG\nMegaguía sobre cómo autopublicar una novela romántica.\n\n\n\nA pesar de que la autopublicación ya está muy extendida y se ha convertido…', 'og:url': 'https://es.linkedin.com/posts/paola-c-alvarez_megagu%C3%ADa-sobre-c%C3%B3mo-autopublicar-una-novela-activity-6942053355502362625-f7ly', 'al:android:app_name': 'LinkedIn'}]","[{'src': 'https://encrypted-tbn0.gstatic.com/images?q=tbn:ANd9GcQJenYQq6wgdmlGYolTYyLPzDosgdbVevsMIT6rf7mTnTP6Wzpc_KpTcV4&s', 'width': '225', 'height': '225'}]",,[{'src': 'https://media.licdn.com/dms/image/D4D10AQHe_jtrmugDww/image-shrink_1280/0/1706529723083?e=2147483647&v=beta&t=MtOEjUVuPRCarNCFyJrXS-vrrQqiXed-sicDuudYJ_Q'}],,,,,,,,,,,,,,,,,,,,,,,,,,,,
customsearch#result,Soy editor de BCNROC. ¿Cómo puedo buscar ayuda para auto ...,Soy editor de BCNROC. ¿Cómo puedo buscar ayuda para <b>auto</b> ...,https://w110.bcn.cat/portal/site/BibliotecaGeneral/menuitem.bff27cc65b4e2aca21012101a2ef8a0c/indexe7dde7dd.html?vgnextoid=f58146e38e6c3510VgnVCM1000001947900aRCRD&vgnextfmt=formatDetall&vgnextchannel=ae386b2aad240510VgnVCM1000001947900aRCRD&lang=es_ES,w110.bcn.cat,"Cómo puedo buscar ayuda para auto publicar mis documentos? El editor de BCNROC es la persona responsable de auto publicar un documento, para poderlo hacer ...","Cómo puedo buscar ayuda para <b>auto publicar</b> mis documentos? El editor de BCNROC es la persona responsable de <b>auto publicar</b> un documento, para poderlo hacer&nbsp;...",https://w110.bcn.cat/portal/site/.../indexe7dde7dd.html?...lang...,https://w110.bcn.cat/portal/site/.../indexe7dde7dd.html?...lang...,"[{'viewport': 'width=device-width', 'author': 'Ajuntament de Barcelona'}]",,,,,,,,,,,,,,,,,,,,,,,,,,,,,,,
customsearch#result,No quiero autopublicar mi LIBRO - YouTube,No quiero <b>autopublicar</b> mi LIBRO - YouTube,https://m.youtube.com/watch?v=axsbu2GsAsQ,m.youtube.com,"Nov 6, 2023 ... Regalo GRATIS en nuestra LISTA DE CORREO! ➡️https://www.letraminuscula.com/suscribirse-lista-de-correo/ Visita nuestra ...","Nov 6, 2023 <b>...</b> Regalo  GRATIS en nuestra LISTA DE CORREO! ➡️https://www.letraminuscula.com/suscribirse-lista-de-correo/ Visita nuestra&nbsp;...",https://m.youtube.com/watch?v=axsbu2GsAsQ,https://m.youtube.com/watch?v=axsbu2GsAsQ,"[{'apple-itunes-app': 'app-id=544007664, app-argument=https://m.youtube.com/watch?v=axsbu2GsAsQ&referring_app=com.apple.mobilesafari-smartbanner, affiliate-data=ct=smart_app_banner_polymer&pt=9008', 'theme-color': 'rgba(0, 0, 0, 0)', 'viewport': 'width=device-width, initial-scale=1.0, minimum-scale=1.0, maximum-scale=1.0, user-scalable=no,', 'twitter:url': 'https://www.youtube.com/watch?v=axsbu2GsAsQ', 'og:url': 'https://www.youtube.com/watch?v=axsbu2GsAsQ'}]","[{'src': 'https://encrypted-tbn0.gstatic.com/images?q=tbn:ANd9GcRS2uWf8eA2UVDG-lfkO3C0myk11K5XV7fSnM7DpDlhky0M6gzsUshbFSI&s', 'width': '299', 'height': '168'}]",,[{'src': 'https://i.ytimg.com/vi/ExM7Hx3_2l8/hq720.jpg?sqp=-oaymwEhCK4FEIIDSFryq4qpAxMIARUAAAAAGAElAADIQj0AgKJD&rs=AOn4CLCkkxCMLFz0FqVQDrmAfG4YphqXTg'}],,,,,,,,,,,,,,,,,,,,,,,,,,,,[{}]
customsearch#result,Simplemente no funciona - [Nelio Content - Editorial Calendar ...,Simplemente no funciona - [Nelio Content - Editorial Calendar ...,https://wordpress.org/support/topic/simplemente-no-funciona/,wordpress.org,"Hola david, simplemente configuro el plugin y no realiza su funcion de autopublicar en las redes sociales los post nuevos que se van publicando, 2 RRSS para ...","Hola david, simplemente configuro el plugin y no realiza su funcion de <b>autopublicar</b> en las redes sociales los post nuevos que se van publicando, 2 RRSS para&nbsp;...",https://wordpress.org/support/topic/simplemente-no-funciona/,https://wordpress.org/support/topic/simplemente-no-funciona/,"[{'og:image': 'https://s.w.org/images/home/wordpress-default-ogimage.png', 'og:type': 'article', 'article:published_time': '2022-07-31T10:09:45+00:00', 'twitter:card': 'summary', 'og:site_name': 'WordPress.org Forums', 'og:title': 'Simplemente no funciona', 'msapplication-tileimage': 'https://s.w.org/images/wmark.png', 'og:description': 'Simplemente no funciona entervser (@entervser) 1 year, 10 months ago Simplemente no funciona This topic was modified 1 year, 10 months ago by entervser. Viewing 5 replies – 1 through 5 (of 5 …', 'twitter:image': 'https://s.w.org/images/home/wordpress-default-image-square.png', 'twitter:text:title': 'Simplemente no funciona', 'twitter:site': '@WordPress', 'article:modified_time': '2022-07-31T10:58:04+00:00', 'viewport': 'width=device-width, initial-scale=1', 'og:locale': 'en_US', 'og:url': 'https://wordpress.org/support/topic/simplemente-no-funciona/'}]","[{'src': 'https://encrypted-tbn0.gstatic.com/images?q=tbn:ANd9GcQgzQsUeStgA4Q8eMJWphyD4Z5aWzHf52H5E9uBpZuRfN84amm98I5xsE1w&s', 'width': '300', 'height': '168'}]",,[{'src': 'https://s.w.org/images/home/wordpress-default-ogimage.png'}],,,,,,,,,,,,,,,,,,,,,,,,,,,,
customsearch#result,¡Bombazo! Ya puedes programar y autopublicar tus historias de ...,¡Bombazo! Ya puedes programar y <b>autopublicar</b> tus historias de ...,https://www.tiktok.com/@metricool_es/video/7234170509850660122,www.tiktok.com,"May 17, 2023 ... Para hacerlo, solo tienes que ir al planificador, darle a crear nuevo post, seleccionar solo Instagram, darle a story, subir tu contenido, ...","May 17, 2023 <b>...</b> Para hacerlo, solo tienes que ir al planificador, darle a crear nuevo post, seleccionar solo Instagram, darle a story, subir tu contenido,&nbsp;...",https://www.tiktok.com/@metricool_es/video/7234170509850660122,https://www.tiktok.com/@metricool_es/video/7234170509850660122,"[{'twitter:app:id:googleplay': 'com.zhiliaoapp.musically', 'og:image': 'https://www.tiktok.com/api/img/?itemId=7234170509850660122&location=0&aid=1988', 'twitter:card': 'summary', 'og:image:width': '1080', 'og:site_name': 'TikTok', 'applicable-device': 'pc, mobile', 'al:android:package': 'com.zhiliaoapp.musically', 'al:ios:url': 'snssdk1233://aweme/detail/7234170509850660122?', 'twitter:app:id:iphone': '835599320', 'og:description': '483 me gusta, 13 comentarios. «¡Bombazo! Ya puedes programar y autopublicar tus historias de instagram con Metricool 😱🥳»', 'al:ios:app_store_id': '835599320', 'twitter:image': 'https://p16-sign-useast2a.tiktokcdn.com/tos-useast2a-p-0037-aiso/o8WeEee4znA87eBnvd86GjIBFIwghERyIwbNkD~tplv-photomode-video-share-card:630:630:20.jpeg?lk3s=b59d6b55&x-expires=1728385200&x-signature=Zrp3y%2FXBZJlzY5CcxDDEFjgschY%3D&shp=b59d6b55&shcp=-', 'twitter:site': 'TikTok', 'og:type': 'website', 'twitter:title': 'TikTok · Metricool ES ♾', 'al:ios:app_name': 'musical.ly', 'og:title': 'TikTok · Metricool ES ♾', 'og:image:height': '1920', 'google': 'notranslate', 'al:android:url': 'snssdk1233://aweme/detail/7234170509850660122?', 'fb:app_id': '597615686992125', 'viewport': 'width=device-width, initial-scale=1.0', 'twitter:description': '483 me gusta, 13 comentarios. «¡Bombazo! Ya puedes programar y autopublicar tus historias de instagram con Metricool 😱🥳»', 'og:url': 'https://www.tiktok.com/@metricool_es/video/7234170509850660122', 'al:android:app_name': 'musical.ly', 'format-detection': 'telephone=no'}]","[{'src': 'https://encrypted-tbn0.gstatic.com/images?q=tbn:ANd9GcRrJa8sTb2Ic-TongjzaMSGF5WnDKZE9P8lS-PP4xnisVQMk1mTz-9mhjuf&s', 'width': '168', 'height': '300'}]",,[{'src': 'https://www.tiktok.com/api/img/?itemId=7234170509850660122&location=0&aid=1988'}],,,,,,,,,,,,,,,,,,,,,,,,,,,,
customsearch#result,cada vez más popular - Translation into English - examples Spanish ...,cada vez más popular - Translation into English - examples Spanish ...,https://context.reverso.net/translation/spanish-english/cada+vez+m%C3%A1s+popular,context.reverso.net,"También puedes autopublicar, una opción cada vez más popular entre los escritores. You can also choose to self-publish, an increasingly popular option for ...","También puedes <b>autopublicar</b>, una opción cada vez más popular entre los escritores. You can also choose to self-publish, an increasingly popular option for&nbsp;...",https://context.reverso.net/translation/spanish.../cada+vez+más+popular,https://context.reverso.net/translation/spanish.../cada+vez+más+popular,"[{'apple-itunes-app': 'app-id=919979642, app-argument=reversocontext://context.reverso.net/translation/spanish-english/cada+vez+m%C3%A1s+popular', 'viewport': 'initial-scale=1.0', 'google': 'notranslate', 'google-play-app': 'app-id=com.softissimo.reverso.context'}]",,,,,,,,,,,,,,,,,,,,,,,,,,,,,,,
customsearch#result,"#OpinióAP De llibres i de romans, per @clginer - Alicanteplaza","#OpinióAP De llibres i de romans, per @clginer - Alicanteplaza",https://alicanteplaza.es/de-llibres-i-de-romans,alicanteplaza.es,"Apr 25, 2017 ... ... autopublicar els seus treballs, o la feina encomiable de les editorials del País Valencià, les més grans i les més xicotetes, totes elles en ...","Apr 25, 2017 <b>...</b> ... <b>autopublicar</b> els seus treballs, o la feina encomiable de les editorials del País Valencià, les més grans i les més xicotetes, totes elles en&nbsp;...",https://alicanteplaza.es/de-llibres-i-de-romans,https://alicanteplaza.es/de-llibres-i-de-romans,"[{'og:image': 'https://alicanteplaza.es/public/Image/socialThumb/14930624304822020.png', 'copyright': '2024 - EDICIONES PLAZA, S.L.', 'twitter:card': 'summary_large_image', 'twitter:title': '#OpinióAP De llibres i de romans, per @clginer', 'og:type': 'website', 'og:site_name': 'Alicanteplaza', 'twitter:url': 'https://alicanteplaza.es/de-llibres-i-de-romans', 'author': 'EDICIONES PLAZA, S.L.', 'og:title': '#OpinióAP De llibres i de romans, per @clginer', 'language': 'es', 'og:description': '#OpinióAP De llibres i de romans, per @clginer', 'twitter:image': 'https://alicanteplaza.es/public/Image/socialThumb/14930624304822020.png', 'fb:app_id': '213166508867', 'twitter:site': '@alicanteplaza', 'viewport': 'width=device-width,,minimum-scale=1,initial-scale=1', 'twitter:description': '#OpinióAP De llibres i de romans, per @clginer', 'og:url': 'https://alicanteplaza.es/de-llibres-i-de-romans', 'reply-to': 'info@vgagenciadigital.com'}]","[{'src': 'https://encrypted-tbn0.gstatic.com/images?q=tbn:ANd9GcT1I8EwMEo9gzXJMnAq8Ibw2Lg6rD2JJ8Ietdxl4tSjvekV_oRc4wPsDTsB&s', 'width': '317', 'height': '159'}]",,[{'src': 'https://alicanteplaza.es/public/Image/socialThumb/14930624304822020.png'}],,,,,,,,,,,,,,,,,,,,,,,,,,,,
customsearch#result,es/FreedomBox/Manual/FeatherWiki - Debian Wiki,es/FreedomBox/Manual/FeatherWiki - Debian Wiki,https://wiki.debian.org/es/FreedomBox/Manual/FeatherWiki,wiki.debian.org,"May 21, 2024 ... Autopublicacíon: Un autor puede autopublicar un libro online usando Feather Wiki como alternativa a GitBook. Reorganización: Un archivo wiki ...","May 21, 2024 <b>...</b> Autopublicacíon: Un autor puede <b>autopublicar</b> un libro online usando Feather Wiki como alternativa a GitBook. Reorganización: Un archivo wiki&nbsp;...",https://wiki.debian.org/es/FreedomBox/Manual/FeatherWiki,https://wiki.debian.org/es/FreedomBox/Manual/FeatherWiki,"[{'viewport': 'width=device-width, initial-scale=1'}]",,,,,,,,,,,,,,,,,,,,,,,,,,,,,,,
customsearch#result,La autopublicación en las bibliotecas: revisión ... - Visor Redalyc,La autopublicación en las bibliotecas: revisión ... - Visor Redalyc,https://www.redalyc.org/journal/3505/350554796004/,www.redalyc.org,"... autopublicar. Relacionando la tipología con la posición que adopta la biblioteca, se podría decir que las bibliotecas universitarias encajan mejor en lo que ...","... <b>autopublicar</b>. Relacionando la tipología con la posición que adopta la biblioteca, se podría decir que las bibliotecas universitarias encajan mejor en lo que&nbsp;...",https://www.redalyc.org/journal/3505/350554796004/,https://www.redalyc.org/journal/3505/350554796004/,"[{'citation_publication_date': '2018', 'citation_title': 'La autopublicación en las bibliotecas: revisión sistemática de la literatura', 'citation_reference': 'citation_title=Self-publishing in the United states, 2008-2013; citation_author=Bowker; citation_publication_date=2014', 'viewport': 'width=device-width, initial-scale=1 user-scalable=no', 'author': 'Almudena Mangas-Vega', 'citation_journal_title': 'Palabra Clave (La Plata)', 'citation_author': 'Almudena Mangas-Vega', 'citation_pdf_url': 'https://www.redalyc.org/journal/3505/350554796004/350554796004.pdf', 'citation_volume': '7', 'citation_issue': '2', 'content-language': 'es'}]","[{'src': 'https://encrypted-tbn0.gstatic.com/images?q=tbn:ANd9GcRHnmQ8SSykJssfeZEexBDEDIpFjHVnKdG9E2bcoWNfKdvQwcEZkVG_14Jd&s', 'width': '243', 'height': '207'}]",,[{'src': 'https://www.redalyc.org/journal/3505/350554796004/350554796004_gf1.jpg'}],,,,,,,,,,,,,,,,,,,,,,,,,,,,
customsearch#result,Alumni UMH » Facultad de Bellas Artes,Alumni UMH » Facultad de Bellas Artes,https://alumni.umh.es/tag/facultad-de-bellas-artes/page/2/,alumni.umh.es,... autopublicar un libro de arte conformado por obras y cuentos que buscan conectar a los individuos a través de conversaciones no verbales. Los integrantes de ...,... <b>autopublicar</b> un libro de arte conformado por obras y cuentos que buscan conectar a los individuos a través de conversaciones no verbales. Los integrantes de&nbsp;...,https://alumni.umh.es/tag/facultad-de-bellas-artes/page/2/,https://alumni.umh.es/tag/facultad-de-bellas-artes/page/2/,"[{'viewport': 'width=device-width,initial-scale=1'}]",,,,,,,,,,,,,,,,,,,,,,,,,,,,,,,
customsearch#result,Alumni UMH » Bellas Artes,Alumni UMH » Bellas Artes,https://alumni.umh.es/tag/bellas-artes/page/2/,alumni.umh.es,... autopublicar un libro de arte conformado por obras y cuentos que buscan conectar a los individuos a través de conversaciones no verbales. Los integrantes de ...,... <b>autopublicar</b> un libro de arte conformado por obras y cuentos que buscan conectar a los individuos a través de conversaciones no verbales. Los integrantes de&nbsp;...,https://alumni.umh.es/tag/bellas-artes/page/2/,https://alumni.umh.es/tag/bellas-artes/page/2/,"[{'viewport': 'width=device-width,initial-scale=1'}]",,,,,,,,,,,,,,,,,,,,,,,,,,,,,,,
customsearch#result,Plan docente,Plan docente,https://www.ub.edu/pladocent/?cod_giga=573701&curs=2023&idioma=ENG,www.ub.edu,"Autopublicar. Los nuevos circuitos para autores e investigadores. UOC, 2016. Comentario: Enlaces: Libro. Méndez Marcín, Ana María. El libro electrónico ...","<b>Autopublicar</b>. Los nuevos circuitos para autores e investigadores. UOC, 2016. Comentario: Enlaces: Libro. Méndez Marcín, Ana María. El libro electrónico&nbsp;...",https://www.ub.edu/pladocent/?cod_giga=573701&curs=2023...,https://www.ub.edu/pladocent/?cod_giga=573701&amp;curs=2023...,"[{'viewport': 'width=device-width, initial-scale=1'}]",,,,,,,,,,,,,,,,,,,,,,,,,,,,,,,
