title,link,scraped_text,SEO Analysis
Cómo escribir una novela con el método de las 30 escenas,https://gabriellaliteraria.com/30-escenas/,"Se dice que hay escritores de brújula, libres como el viento, y escritores de mapa, gente aburrida que se sienta a marcar su camino con boli barato y feo (de esos de publicidad que nunca pintan) en vez de responder a la llamada de las musas.

Otro dicho de esos que hacen más mal que bien, sospecho.

Uno de los problemas más comunes que me cuentan escritores (sobre todo escritores noveles) es que han llegado a la mitad de su novela y andan totalmente perdidos y bloqueados. Se debe en parte a que la mitad de la novela es la parte más tediosa y aburrida, pero también es una cuestión técnica. Al principio todos nos creemos escritores de brújula, pero en realidad conozco a muy pocos autores que funcionen así. Los que conozco son extraños genios con mentes prodigiosas y memorias espeluznantes (e incluso esos, con el tiempo, se han dado cuenta de la utilidad de cierta planificación).

Y luego está ese tercer tipo: los que buscan fórmulas mágicas de superventa y tienen brújulas así de peculiares.

Hay maneras incontables de planificar una novela y ya hablé de algunas de las más conocidas aquí. Todo el que te hable de su método te dirá que es el único y el mejor, pero si tenemos en cuenta que cada persona es un cúmulo de experiencias, circunstancias y procesos de aprendizaje distintos, tiene sentido que al final lo importante sea encontrar qué método te funciona a ti. Dicho esto, esta mañana me topé con un sistema que me pareció, cuanto menos, curioso. Se trata del método 10-20-30, que también podríamos llamar el método de las capas o el método de las 30 escenas.



Ya sabéis que hay gente que se dedica a analizar las estructuras de los superventas con la esperanza de reproducir su éxito. Christine Frazier, por ejemplo, ha hecho un trabajo alucinante de estudio de las partes que componen ciertas obras de triunfo arrollador. Otra gran profesional en esto de la deconstrucción y construcción de lo literario es C. S. Lakin. Fue en su blog, Live Write Thrive, donde encontré por primera vez el concepto de escribir por capas o niveles.

cómo usar el 10-20-30

Antes de nada, una pequeña aclaración: en los talleres anglosajones es muy común que se hable de scenes, escenas, como unidades narrativas. Piensa en una escena como en el cine: algo que ocurre en un solo lugar, una sola toma con la cámara. Puede coincidir con un capítulo o puede haber varias escenas en un solo capítulo (puede hacerte la vida más fácil, no obstante, realizar una escena por capítulo, si divides en capítulos tus obras).

Lakin propone escribir una novela mediante niveles de escenas. Una vez tengamos claro en nuestra cabeza (y sobre el papel) cuál es la trama principal de nuestra obra (y Lakin tiene todo un sistema para eso también, pero vamos a resumirlo en que además de la trama básica necesitas conocer el sentido de tu novela), te toca crear las diez escenas principales de tu obra. Estas serían las diez escenas que narran la trama principal, con los personajes principales. Esas diez escenas básicas son tu primera capa o nivel.

La segunda capa estaría compuesta de subtramas. Una subtrama es algo menos fundamental para el desarrollo de la historia, pero que está estrechamente vinculada con esta: narra las acciones de los personajes secundarios, que suelen influir en el desarrollo de la trama principal de los protagonistas. Una subtrama sería, por ejemplo, la muerte de Mercucio a manos de Teobaldo en Romeo y Julieta: es algo que afecta a Romeo y al desarrollo de la obra, pero que no le ocurre directamente a él (si bien es indirectamente responsable de esta). En Las amistades peligrosas, el amor entre Cécile de Volanges y el caballero Danceny forma parte de una subtrama: no es una relación entre los dos protagonistas, pero sí que es un elemento clave para el enfrentamiento final en el que fallece el vizconde de Valmont.

Lakin propone la creación de 10 escenas más que narren las subtramas. Con esto, tendríamos ya una estructura de 20 escenas.

Y, finalmente, crearíamos 10 escenas más que servirían como escenas puente: escenas que unen a las demás y las integran en el conjunto. Son los pasillos necesarios para llevarnos de una habitación de esta gran casa novelística a otra. Imaginad, por ejemplo, todas las escenas de gente moviéndose de un lado a otro en Canción de hielo y fuego o muchas de los diálogos de carácter político en la serie de libros de Dune. También entran aquí escenas creadas para presentar personajes o mundos, o las escenas de pistas menores y conversaciones de barras de bar en las novelas clásicas de detectives.

¡Camarero! ¡Otra ronda de su mejor charla insustancial donde de repente suelte alguna pista menor pero necesaria para encontrar a un sospechoso que resultará no ser el asesino!

¡Ojo! Esto no quiere decir que en esas 10 escenas adicionales no pase nada. Muchas veces son escenas en las que se muestra el proceso de los personajes, cómo acaban reaccionando a las cosas importantes que les han ocurrido en la trama principal. Por ejemplo, si un personaje ha sido secuestrado, una de esas escenas puente sería una muestra de cómo está sobrellevando ese secuestro, el miedo y rencor (o valor temerario, según el personaje) y sus intentos de encontrar una escapatoria.

Estas 30 escenas totales pueden ordenarse de la manera que queramos, pero Lakin insiste en que deben tener en cuenta ese elemento importante que acabo de mencionar: la acción-reacción. Para crear un todo coherente, las acciones de los personajes deben aportar algo al grueso de la narración, es decir: deben tener reacciones (o ser, a su vez, reacción de algo). Si un personaje grita el nombre de su madre al viento, esto debe ser o bien una acción que tenga una reacción por algún lado, o bien una reacción a algo que ha ocurrido anteriormente (aunque ese algo se nos revele más adelante). Si un personaje principal grita el nombre de su madre al viento sin más, el efecto en el lector será un poco como el efecto que tienen los típicos capítulos de relleno sin peso que encontramos en tantas obras y series de televisión (y algunas películas independientes francesas): aburrimiento y desconcierto.

(A no ser que estés escribiendo prosa experimental o surrealista. En ese caso, continúa con tu vida como si nunca hubieras leído este artículo).

Lakin lo compara a trabajar con piedras, arena y agua. Las escenas básicas de la trama son las piedras, que vas echando en un recipiente. Vas rellenando los huecos con arena, que son las diez escenas de subtrama. Y luego le das forma a todo alcanzando todos los recovecos con un buen chorro de agua, que serían las diez escenas puente. Si buscáis un ejemplo práctico, ella lo expone aquí (en inglés, eso sí), usando su novela como base.

Puede parecer complicado, pero Lakin propone un ejercicio: leer una novela que te guste y que te haya enganchado y ver si eres capaz de dar con esos niveles de escena. No tienen por qué ser 30: a lo mejor son 25 o 42. Asegura que dicho ejercicio te ayudará en gran medida a construir tus propios niveles. En el peor de los casos, creo que es un método que, por lo menos, tendrá una estructura coherente y una trama apasionante.

Que es más de lo que podemos decir de muchos novelistas.

Es posible que, en vez de brújula y mapa, los escritores se dividan en otros dos tipos: escritores que pasan olímpicamente de pensar en la parte técnica de su novela y se limitan a escribir sin más (como ya he dicho, habrá algún genio por ahí que sea una Excelsa Excepción, pero los resultados de este acercamiento no suelen ser bonicos) y los que se obsesionan durante años con la estructura y la forma perfecta y nunca terminan su novela. Los métodos y las tácticas están bien, pero de nada sirven si no los llevamos a la práctica, que es donde realmente aprendemos.

¿Os quedáis conmigo, aquí en el camino intermedio?

He traído té, vino y bolitas de coco recubiertas de chocolate.

¡EXTRA! Puedes elegir cómo sigue este artículo. ¡Así es, puedes elegir tu próxima aventura!","This article provides a solid foundation for discussing novel planning, specifically introducing the C.S. Lakin 10-20-30 method. To outrank it, we need to deepen the semantic coverage, enhance structure, provide more actionable insights, and solidify topical authority.

Here's a detailed analysis:

---

### 1. Main Keywords, Semantic Clusters, and Related Terms

The article effectively targets the niche of novel writing and planning.

**Main Keywords (Directly Targeted):**
*   planificar una novela (plan a novel)
*   estructura de novela (novel structure)
*   método 10-20-30
*   método de las capas (layers method)
*   método de las 30 escenas (30 scenes method)
*   bloqueo del escritor (writer's block)
*   escenas principales (main scenes)
*   subtramas (sub-plots)
*   escenas puente (bridge scenes)

**Semantic Clusters & Related Terms:**

*   **Novel Planning & Structure:**
    *   `esquema de novela` (novel outline)
    *   `trama principal` (main plot)
    *   `arco narrativo` (narrative arc)
    *   `desarrollo de personajes` (character development)
    *   `unidades narrativas` (narrative units)
    *   `ritmo narrativo` (narrative pace)
    *   `coherencia narrativa` (narrative coherence)
    *   `construcción de mundos` (world-building)
    *   `puntos de giro` (plot twists / turning points)
    *   `escaleta de novela` (novel beat sheet)
    *   `sinopsis de novela` (novel synopsis)
    *   `capítulos de relleno` (filler chapters)

*   **Writing Process & Challenges:**
    *   `escritores noveles` (new writers)
    *   `cómo escribir una novela` (how to write a novel)
    *   `superar el bloqueo del escritor` (overcome writer's block)
    *   `proceso de escritura` (writing process)
    *   `creatividad y escritura` (creativity and writing)
    *   `mentalidad del escritor` (writer's mindset)
    *   `disciplina de escritura` (writing discipline)

*   **Specific Methodologies (Implicit/Referenced):**
    *   `C.S. Lakin` (author/expert)
    *   `Live Write Thrive` (blog/resource)
    *   `Christine Frazier` (author/expert)
    *   `teoría literaria` (literary theory)
    *   `análisis de estructuras de superventas` (analysis of bestseller structures)

*   **Figurative Language / Concepts:**
    *   `escritores de brújula` (compass writers)
    *   `escritores de mapa` (map writers)
    *   `fórmulas mágicas de superventa` (magic bestseller formulas)
    *   `acción-reacción` (action-reaction)

---

### 2. Content Structure and Hierarchy

The article follows a logical, argumentative, and instructional flow:

*   **Introduction (Problem & Hook):**
    *   Starts with a relatable dichotomy (""compass vs. map writers"") and immediately challenges it.
    *   Identifies a common pain point: writer's block/getting lost mid-novel, especially for new writers.
    *   Establishes the article's core argument: planning is crucial, even for ""geniuses.""

*   **General Solution & Context:**
    *   Acknowledges the existence of many planning methods.
    *   Emphasizes finding a *personal* method.
    *   Sets up the introduction of a *specific* method.

*   **Core Content (The 10-20-30 Method):**
    *   Introduces C.S. Lakin and her blog as the source.
    *   **Definition of ""Scene"":** Clarifies the Anglo-Saxon concept of a scene as a narrative unit.
    *   **Layer 1: 10 Main Scenes:** Explains these as the core plot with main characters.
    *   **Layer 2: 10 Subplot Scenes:** Defines subplots and provides clear examples (Romeo & Juliet, Les Liaisons Dangereuses) showing their relation to the main plot.
    *   **Layer 3: 10 Bridge Scenes:** Explains their function (connecting, character reaction, world-building, minor clues) with examples (Game of Thrones, Dune, detective novels).
    *   **Key Principle: Action-Reaction:** Stresses the importance of every scene having purpose and consequence, contrasting it with ""filler.""
    *   **Analogy:** Uses ""stones, sand, water"" to visualize the layering process.
    *   **Practical Exercise:** Suggests analyzing existing novels for these layers.

*   **Conclusion & Takeaway:**
    *   Reiterates the value of a coherent structure and engaging plot.
    *   Advocates for a ""middle path"" between no planning and over-planning.
    *   Engaging, interactive ""choose your next adventure"" element.

**Hierarchy Observation:** The article uses clear paragraph breaks and bolding for the ""cómo usar el 10-20-30"" section, which functions as a de facto H2/H3. However, there's no explicit use of H2s, H3s, etc., which could improve readability and scannability. The logical flow is strong, but the visual structure could be enhanced.

---

### 3. User Intent Addressed

The article primarily addresses **Informational** and **Problem-Solving** user intents.

*   **Informational:**
    *   ""¿Qué es el método 10-20-30 para novelas?"" (What is the 10-20-30 method for novels?)
    *   ""¿Cómo estructurar una novela?"" (How to structure a novel?)
    *   ""¿Qué son las subtramas y escenas puente?"" (What are subplots and bridge scenes?)
    *   ""¿Quién es C.S. Lakin?"" (Who is C.S. Lakin?)

*   **Problem-Solving:**
    *   ""¿Cómo superar el bloqueo del escritor en medio de una novela?"" (How to overcome writer's block in the middle of a novel?)
    *   ""¿Cómo evitar que mi novela se pierda o sea aburrida?"" (How to prevent my novel from getting lost or becoming boring?)
    *   ""Necesito un sistema de planificación de novela."" (I need a novel planning system.)
    *   ""¿Cómo crear una trama coherente y apasionante?"" (How to create a coherent and exciting plot?)

*   **Implicit Transactional (Future Intent):**
    *   Users reading this might eventually look for templates, workshops, or books related to novel planning or the Lakin method.

---

### 4. Topical Authority Signals

The article demonstrates good topical authority for its specific niche:

*   **Expert Mentions:** Directly references C.S. Lakin and her blog (Live Write Thrive), a known authority in novel writing, and Christine Frazier, lending credibility.
*   **Use of Industry Terminology:** Correctly uses terms like ""scenes,"" ""subtrama,"" ""unidades narrativas,"" ""bloqueo del escritor.""
*   **Relatable Examples:** Uses well-known literary and pop culture examples (Romeo y Julieta, Las amistades peligrosas, Canción de hielo y fuego, Dune, novelas de detectives) to illustrate concepts, showing a broad understanding of narrative.
*   **Addresses Common Pain Points:** Explicitly tackles the universal problem of writer's block and getting lost in the ""tedious middle"" of a novel, resonating with its target audience (writers).
*   **Nuance and Balanced Perspective:** Acknowledges that different methods work for different people and advocates for a ""middle path"" rather than a rigid, dogmatic approach, which builds trust.
*   **Actionable Advice (to a degree):** Suggests an exercise (analyzing existing novels), which is a practical step.

---

### 5. Gaps or Weaknesses in Coverage

While strong, there are several areas where the article could be significantly improved to create superior, outranking content:

*   **Lack of Integrated, Concrete Examples:** The article *explains* the 10-20-30 method well, but it doesn't *demonstrate* it with a simple, original example *within the article itself*. It refers to Lakin's blog for an example, but forcing the user to navigate away is a missed opportunity for on-page engagement.
    *   **Opportunity:** Create a mini-case study of a fictional (or simplified real) story, breaking it down into 10 main, 10 subplot, and 10 bridge scenes.
*   **No Visual Aids/Diagrams:** A visual representation (e.g., an infographic, a flow chart, a layered diagram) of the 10-20-30 method would significantly enhance understanding and retention.
    *   **Opportunity:** Design a graphic illustrating the ""layers"" or the sequential flow of scenes, perhaps with a ""stones, sand, water"" visual.
*   **Limited ""How-To"" for *Starting* the Method:** The article suggests analyzing existing novels, which is good, but doesn't offer concrete steps for a writer to *begin* applying the 10-20-30 method to *their own* new novel.
    *   **Opportunity:** Include a step-by-step guide or a downloadable template/worksheet for users to outline their 30 scenes.
*   **No Comparison to Other Popular Methods:** While it mentions ""incontables maneras de planificar,"" it doesn't briefly position the 10-20-30 method against other well-known structures (e.g., Three-Act Structure, Snowflake Method, Save the Cat). This would help readers understand its unique benefits or when it might be more suitable.
    *   **Opportunity:** Add a small section comparing/contrasting the 10-20-30 method with 1-2 other popular methods.
*   **Shallow Dive into Lakin's Broader System:** It mentions Lakin ""tiene todo un sistema para eso también"" regarding the basic plot, but doesn't elaborate. This leaves a reader wanting more information about the foundational steps Lakin recommends *before* the 30 scenes.
    *   **Opportunity:** Briefly summarize Lakin's pre-30-scene plotting advice or link to another article that covers it.
*   **SEO Structure/Schema:** The article lacks explicit H2/H3 tags, which could improve readability, scannability, and SEO parsing for search engines. There's also no obvious structured data (e.g., FAQ schema for common questions about the method).
    *   **Opportunity:** Implement proper heading tags, potentially an FAQ section, and consider schema markup.
*   **Call to Action (Beyond Engagement):** The ""choose your next adventure"" is creative but doesn't directly drive a clear SEO or business goal (e.g., email signup, course enrollment, community participation, download lead magnet).
    *   **Opportunity:** Integrate a stronger, more targeted CTA for a lead magnet (e.g., ""Download your 10-20-30 scene planning template"") or a related resource.
*   **Addressing Different Genres/Lengths:** Does the 10-20-30 method apply equally well to short stories, novellas, or multi-book series? The article implies novels but doesn't clarify.
    *   **Opportunity:** Briefly discuss adaptability for different narrative forms or lengths.

---

By addressing these gaps, the new content can provide a more comprehensive, actionable, visually engaging, and SEO-optimized resource that caters more fully to the user's journey from discovery to application."
Cómo escribir una novela paso a paso,https://www.jimenaferlibro.com/post/c%C3%B3mo-escribir-una-novela-paso-a-paso,"Escribir una novela en 5, 10 o 20 pasos es lo de menos. No te ayuda. Te interesan los tipos de pasos. No hay recetas mágicas, solo patrones. Lo realmente importante es que conozcas los pasos y los uses según los vas necesitando. Te los presento a continuación, uno a uno y con alternativas posibles.





¿Cómo empezar a escribir una novela? Cada escritor tiene una manera de organizar una historia y de dar con lo que necesita. Puedes empezar desde la idea o desde el personaje. A continuación te presento un esquema para escribir paso a paso que se adapta a ti y es flexible. Por eso mismo mencionaré pasos con un número, simplemente para facilitar el orden, pero también mencionaré si puedes planificar tu novela de otra manera y marcaré aquellos pasos que son esenciales porque te ayudan a construir la novela a tu ritmo y a tu manera. Cada autor escribe de una manera. Mientras tengas muy claro lo que es imprescindible para tu proceso de escritura, podrás elegir mejor.





Lo que necesitas saber para avanzar en la escritura paso a paso de tu novela





Este artículo de mi blog es una brújula si quieres escribir una novela y no perderte en el intento. Aquí encontrarás las claves para escribir una novela con una visión práctica y ordenada.

Te propongo que no lo leas todo de un tirón. Este contenido está diseñado para que avances a tu ritmo, desarrolles cada idea por tu cuenta, paso a paso. Escribir una novela requiere desentrañar muchos aspectos, y este material te ayudará a hacerlo de forma consciente y efectiva. Por eso es necesario avanzar tal como te lo propongo, porque tengo experiencia en la enseñanza de narrativa y sé que cada pieza de la escritura de la novela requiere un tiempo.





Este contenido esencial se divide en tres partes que interaccionan y se complementan:





Este artículo, que te ofrece una visión global como punto de partida. Aquí entenderás el enfoque general para escribir tu novela paso a paso. Una video guía. Comprobarás de manera práctica todo lo que has leído. En ella encontrarás un paso a paso aún más detallado porque vamos profundizando por orden de dificultad, desde el inicio de la historia hasta su cierre, abarcaremos la estructura narrativa y las piezas básicas. Un curso de iniciación a lo fundamental sobre escribir una novela, que te proporciona una perspectiva aún más amplia sobre lo fundamental. Con este curso profundizarás en las técnicas narrativas esenciales para construir tu novela de forma sólida. Es gratuito.



Empieza aquí por esta entrada sobre cómo escribir una novela paso a paso. Luego sigue con la video guía y, si quieres avanzar más allá, acompáñate del curso. Todo el proceso está pensado para que encuentres tus propios caminos, sin fórmulas rígidas, pero con el apoyo de herramientas probadas que dan excelentes resultados a muchos escritores tanto noveles como con historias ya publicadas. Lo primordial es que tengas los criterios necesarios para poder elegir lo que necesitas en cada momento durante tu proceso de escritura.





Cómo escribir una novela paso a paso: material complementario





Como te decía, te sugiero que empieces por este artículo para tener una visión global de lo que implica escribir una novela. Es una suerte de brújula y es el primer paso de los muchos necesarios.





Aquí te encuentras con el marco teórico general y para eso tienes el índice que te ayudará a seguir los pasos de la novela. No por nada escribir una novela implica tiempo, normalmente un par de años como mínimo, si lo quieres hacer bien de manera que atrape a tus lectores. La historia es una cosa y cómo escribirla para abrazar a los lectores, otra. El arte narrativo requiere técnica. Ya llevamos unos cuantos siglos de escritura de novelas como para tener una bolsa de técnicas y herramientas que funcionan muy bien. Entonces, por favor, que tu primer paso sea este artículo sobre ""Cómo escribir una novela paso a paso"". Aquí hay mucha información, facilita su digestión leyéndolo despacio. Luego, creo que puede servirte mucho a la aplicación práctica de todo esto y para eso te facilito una videoguía y un Cuaderno de trabajo. Aquí abajo de estas líneas ya la tienes. Te acompaño en el planteamiento y escritura de tu novela. Una vez que te hayas leído este artículo, verás cómo todo empieza a encajar despacio. Pero hay más.

























Sí, hay más: un curso sobre lo fundamental para construir y escribir una novela, lo más básico de lo mucho necesario. Un curso gratuito sobre cómo escribir una novela. Tienes un curso completo con una guía muy básica sobre la construcción de la novela y sobre cómo escribirla. Son unas 10 horas de videos y con el material de trabajo de cada día. Hace parte de mi Reto Narrativo que realizo dos veces al año, ya vamos por el noveno, #RN9. Si te has suscrito a mi boletín sabrás cuándo se hace el próximo y podrás sumarte a las prácticas diarias.

Tratamos los temas siguientes:

trazar personajes y relacionarlos con la trama

la evolución de los personajes

el espacio para presentar momentos de la historia

el tiempo para los lectores

los conflictos

comienzo/desarrollo/final

trama e historia

la fuerza emocional de la novela

El programa de cada día ha sido:

Día 1 : reconocer los personajes

Día 2: cómo crear personajes secundarios que potencien tu historia

Día 3: cómo marcar el rumbo de tu novela sin recetas rígidas

Día 4: cómo estructurar el comienzo de tu novela para enganchar al lector

Día 5: cómo trazar el rumbo de tu novela y construir una estructura sólida

Día 6: cómo desarrollar tu historia y hacer crecer a tu protagonista

Día 7: cómo impulsar la novela

Día 8: guía sobre el proceso de escritura, sesión de preguntas y respuestas







Accede a este curso suscribiéndote al boletín





















Escribir una novela no es seguir un mapa. Es encontrar el pulso.

Un método narrativo para historias que no caben en fórmulas.





















Todos los pasos para escribir una novela, tu brújula para no perder el norte

¡Empecemos! Comienza por lo que te propongo a continuación. Comprobarás que la información del curso, del video y la de este artículo es complementaria la una a la otra, realmente necesitas estas tres partes para hincarle el diente a lo más básico y fundamental sobre cómo escribir una novela paso a paso.





Pasos para escribir una novela





0. Antes de empezar a escribir una novela

Ahora estás recopilando los ingredientes fundamentales para sentarte a escribir tu novela. Puede que creas que organizar la trama es perder el tiempo, pero te aseguro que tenerlo todo tan claro, te ayudará a no perderte ni bloquearte. Cada paso para una novela te acerca al momento en que te pondrás a escribir, cuando realmente empiezas la maratón. Estar preparado y con músculos fuertes, te ayudará a llegar al final con garantías. La maratón es larga, en algún momento necesitarás dar alguna vuelta para llegar allí donde necesitas llegar, puede que necesites detenerte para descubrir algo nuevo, puede que necesites respirar profundamente para llegar hasta el final. Pero no perderás el camino, que es de lo que se trata.

Te lo explico con un ejemplo. Imagina que quieres hacer un viaje hasta Tokyo. Ese es tu objetivo. ¿Pero cómo lo harás? ¿Qué necesitas? ¿De cuánto tiempo dispones? Puedes planificar el medio de transporte teniendo en cuenta tus gustos, tu tiempo, si vas solo o en compañía, de las personas que se embarcan en el viaje contigo, de las que quieres encontrar, etc.. Nada de eso le quita encanto, todo lo contrario, si sabes dónde vas y qué ruta sigues, podrás incluso dedicar tiempo a perderte allí donde te apetece hacerlo. Escribir una novela es una experiencia bastante similar, cada paso que das te acerca a tu objetivo final y no acabarás en cualquier otro lugar ni bloqueado en medio de tu proceso de escritura sin remedio porque no pierdes de vista tu camino.





Imaginemos que empiezas a escribir desde cero. Un día sientes esta certeza íntima: ¡Quiero escribir una novela!





1. Escribir una novela paso a paso: cazar la idea

Hay algo que quieres gritar al mundo en estos momentos. Esa es la idea matriz de tu novela. O tal vez hay varias, pero una de ellas te preocupa más. La idea te ha venido, la has sentido, está dentro de ti dando vueltas. Se convierte en una necesidad. Hablas de esto con más de una persona o en soledad contigo mismo durante cierto tiempo. Esta idea está presente, te abraza o te persigue, te ocupa.





También puede suceder que quieres escribir y no sabes de qué. Tienes muchas ganas, pero te quedas bloqueado. Hay algo que te importa, algo que te está llamando. Esta chispa inicial de la novela se enciende con aquello que te preocupa porque si no fuera así, no importaría. Y si no te importa, ¿para qué ponerse a escribir sobre eso?





Pero puede ser que no se te ocurra nada, entonces hay preguntas que puedes hacerte en este momento y que te ayudarán a ir al encuentro de tus ideas:

¿Qué es eso que yo veo y nadie parece ver y que quiero gritar a los cuatro vientos? ¿Qué me preocupa desde hace tiempo? ¿De qué tratan el 90% de los libros que leo? ¿Cuáles son mis obsesiones a las que no le dan importancia? ¿Qué tres cosas me encanta hacer? Gano la lotería, no tengo preocupaciones de trabajo y puedo escribir lo que me dé la gana, ¿sobre qué escribiría?



Para escribir una novela no necesitas muchas ideas, solo una. Así que si tu caso es opuesto al anterior y tienes muchas ideas y no te decides por ninguna, las preguntas que puedes hacerte son diferentes. Las respuestas pueden orientarte a las siguientes preguntas y te ayudarán a que te orientes.

Si me quitara todas esas ideas, ¿hay una sin la cual me sentiría mal o que me falta algo? Si miro el mundo a través de estas ideas, ¿cuál le da más sentido? Si me miro a mí mismo a través de esas ideas, ¿cuál me explica mejor o peor? Escribe una lista de tus ideas. ¿Cuál es la menos importante de estas ideas hoy? ¿Y luego, cuál? ¿Y después, cuál otra? Hasta ir descartando una tras otra y te quedas solo con una de ellas.

EJEMPLO:

Pongamos que la idea inicial es la enfermedad, la enfermedad de una persona que quieres. Es una enfermedad incapacitante. Vamos a desarrollar esta idea para una novela en el siguiente paso.

2. Escribir una novela paso a paso: una gran idea

Hay ideas de todos los colores y gustos. Ten en cuenta que la novela no es vida. La novela es vida elevada. La idea inicial necesita ser llamativa e interesante narrativamente hablando. Así que si la idea es un balón de fútbol vamos a darle un puntapié que lo haga alcanzar las estrellas y las nubes.

Para elevar una idea, tienes que jugar. Vas a hacer lo siguiente: te vas a imaginar tu idea en diferentes circunstancias mientras te haces la pregunta: “¿Y si...?”





Te muestro algunas opciones a partir de la idea inicial que te proponía y que era la enfermedad.





¿Y si alguien enfermo se convirtiera en el único testigo de un crimen atroz?

¿Y si alguien enfermo le salvara la vida a alguien?

¿Y si alguien enfermo decidiera pasar 100 días de fiesta y excesos?

¿Y si alguien enfermo se encontrara con el amor de su vida?

¿Y si alguien enfermo fuera un gurú mundial de la salud que se ha hecho millonario con sus postulados?

¿Y si alguien enfermo decidiera matar a todas las personas que no soporta?





Creo que puedes darte cuenta de lo que estamos haciendo, ¿verdad? Estamos sometiendo la idea a circunstancias extraordinarias. Y eso es precisamente lo que le da fuerza narrativa. Las preguntas son muchas más, obvio. No hagas menos de 30. No es una exageración, no. Es crucial explorar todas las posibilidades más allá de ti mismo. Tienes que pasarte muchas horas dejando que surjan las preguntas. Las vas apuntando en tu cuaderno de notas. Incluso puedes hacerlo sin pensar. Y cuando ya no te quedan más fuerzas, sigues un poco más. Y luego, lee todo y habrá una de esas preguntas que te llama más la atención. Esa es la que te interesa contestar para escribir tu novela.





Lo importante hasta ahora para tu novela

Puede que te saltes un paso o que ya tengas una idea. Sométela al paso 2 porque eso te ayudará a que la novela llame la atención, porque en definitiva una novela es resolver una pregunta que plantea un problema. El paso 2 es fundamental.





Puedes ampliar estos pasos de la creación de tu novela

Y para averiguar más sobre estos dos pasos, te ayuda la siguiente entrada del Blog: “La novela no es ideas”





















Y hay más, ya lo sabes. Simplemente te lo recuerdo porque aquí hay mucha información y no quiero que te pierdas nada. Puedes acceder al Reto Narrativo #RN9 donde enseño todo esto desde otro ángulo complementario. Son 8 días de clases con el material de trabajo, día a día.













Y ahora me vas a permitir una pausa para presentarte a quienes participan en mis cursos y cómo lo valoran. Porque es posible, perfectamente posible, escribir una novela sin perderse ni bloquearse ni odiarse. Lo sé porque me lo dicen los participantes del curso, que es muy diferente de lo que abunda porque es sumamente práctico.









3. Escribir una novela paso a paso: identificar el protagonista

¿Y quién cargará con esa idea y resolverá esa pregunta? Pues, precisamente tu protagonista. No puede ser cualquiera. Tiene que estar a la altura de lo que le espera. Pero no directamente desde el comienzo, claro. Un protagonista crece y los lectores con él. Ahora mismo tenemos que determinar qué tipo de personaje puede ser, por ejemplo, ¿un enfermo que se va de fiesta infinita? Total, ha perdido lo más importante, así que ya no le da miedo nada y quiere ahogarse de placer. Será muy diferente del que asesina a varias personas y no tendrá nada que ser con el gurú de la salud. Cada idea se encarna en un tipo concreto de personaje que es el que capitanea una novela determinada, aquella que quieres que sea tu libro. Y ahora te espera pasar tiempo con él o ella.





Piensa en tu idea elevada y pregúntate por quién la encarna. Cierra los ojos. Es posible que acuda alguna imagen a tu cabeza. Pero tienes que hacerte la pregunta justo antes de cerrar los ojos, ¿eh?

¿Quién encarna esta idea de ….? Deja que acuda a ti. Y luego empieza a perfilarlo. Así nos adentramos en el siguiente paso de tu manuscrito.





Si quieres una aplicación práctica de todo el proceso, lo tienes y gratis en, precisamente, en la sección Aprender gratis de mi web en estos tres cuadernos:









4. Escribir una novela paso a paso: definir el protagonista

Es posible que empieces por sus atributos físicos, su vestimenta, su sonrisa o su mirada. De alguna manera necesitas reconocerlo y eso se logra por el físico, por cómo ves a ese personaje. Ya sabes que va a resolver tu pregunta del paso 2 para dar con tu gran idea para tu manuscrito. En nuestro caso, está enfermo. Es un protagonista que lo tiene casi todo en contra.

Los protagonistas atraen a los lectores por su lucha y si bien empiezan con desventajas al principio de la novela, hay algo en ellos, una luz en su mirada que nos dice que tienen el potencial de resolver la pregunta del paso 2. Tienes que mostrar ese potencial o no despertarás la fe de los lectores en él.

El protagonista nos tiene que atraer. Imagina que entras en un bar o llegas a una fiesta. ¿Quién te atrae? Alguien que te dice algo especial. Y luego, al conocerle un poco más, te dices que es una persona que vale la pena. Pero, bien podría ser que se trate de un asesino en serie o una persona que te salvará la vida. Esos secretos se tienen que notar. Los lectores han de sentir algo por este protagonista y tener ganas de pasar toda la novela con él. Pero si es sospechoso de algo, tienes que mostrarlo. No engañes a tus lectores. Escribir una novela implica dosificar la información, no ocultarla. Jamás.

El protagonista empieza la novela de una manera y la acaba de otra. Siempre hay una evolución. Si se trata del enfermo que quiere matar a ciertas personas al final habrá matado a la mayoría, probablemente. Y algo dentro y fuera de él habrá cambiado. Tú defines el qué y eso hace parte del proceso de escritura y de cómo el protagonista se descubre a sí mismo.





Y ahora me gustaría contarte algo más sobre mi curso en el siguiente video. Luego continuamos con el paso 5 sobre escribir una novela paso a paso ocupándonos de desarrollar los personajes y profundizar en ellos.





















5. Escribir una novela paso a paso: desarrollar los personajes

El trabajo con los personajes requiere muchas horas y una curiosidad a prueba de todo, casi infinita. Es absolutamente necesario que te hagas muchas preguntas hasta descubrir los detalles más pequeños.

¿Cómo sonríe tu protagonista cuando está triste? ¿Cómo respira cuando espera algo importante? Para llegar a afinar esos aspectos, antes vas a tener que pasar mucho tiempo con cada uno de los personajes. Y te puede ayudar empezar por aquí: ¿Cómo escribir personajes inolvidables?





Lo importante hasta ahora para tu novela

Puede que hayas empezado por ver el protagonista y luego hayas ido a la idea. Puede que te hayan aparecido los dos juntos. Fuere como fuere, el desarrollo de personajes es esencial. Y una vez que has trabajado a cada uno por separado, pasas a agruparlos. ¿Quién ayuda al protagonista? ¿Quién apoya al antagonista? ¿Qué personaje de fondo le cambia la vida a uno o al otro en una breve aparición? El paso 5 es fundamental y solo llegas a él desde el paso 3, pero el orden de los pasos puede variar. Para escribir una novela tienes que considerar un orden y a la vez dejar que la intuición te guíe porque es ella la que te ayuda a reconocer tu verdad y la verdad interna de la novela. Es un equilibrio delicado que puedes lograr con práctica, probando y cometiendo errores. Si este es el método de retos y hallazgos, errores y aciertos le funciona a los escritores que publican con éxito, quizás pueda servirte a ti también mientras desarrollar tu trama.





Puedes ampliar estos pasos de la creación de tu novela

Y leer la siguiente entrada del blog “¿Cómo estar seguros al 100% de los personajes?”

También puedes llegar más lejos con ""Atrapar el corazón de los lectores""





6. Escribir una novela paso a paso: el narrador

Decide si lo cuenta el mismo protagonista u otra persona. Si eliges al protagonista, recuerda que su visión es limitada y que solo verá lo que tiene delante de sus narices o le cuenten. Si lo narra otra persona, tienes que saber si está a favor del protagonista, si se mantiene neutral o si se burla un poco de él o si puede saberlo todo de toda la historia y de cada personaje. Estas decisiones determinan el narrador de la historia.





La visión que tienes sobre la respuesta de la pregunta del paso 2 determina cómo resuelves todo esto. Tu visión es determinante. Tu visión nace de la voz narrativa, que es nada más y nada menos que tu mirada.

Si quieres contar la historia desde cerca o desde lejos. Esto es lo que decide tu voz narrativa. Una cosa es hacer la pregunta del paso 2 y dar una respuesta, pero esa respuesta nunca es del todo objetiva, depende de tu postura, de tu opinión. Por ejemplo, no es lo mismo contar la historia de un banquero como si lo admiraras a si fueras crítico. Así que a la pregunta del paso 2, tienes que agregar otra: ¿Cómo veo yo todo esto, qué emoción me suscita esta historia, cómo me siento con todo esto? No, no podíamos agregar esta respuesta a tu proceso de escritura antes porque era necesario transitar los pasos anteriores para desarrollar del todo tu visión sobre tu novela. Escribir un libro es un proceso orgánico y no implica necesariamente pasar de A a B. Lo natural requiere tiempo y a veces vueltas muy necesarias. Si buscas respuestas acertadas para preguntas narrativas, te aconsejo que vayas a dar un largo paseo y vuelvas para entender que el proceso de escritura no funciona así. Escribir una novela es un arte que tiene tanto de matemática e ingeniería como de locura con sentido sublime.

La respuesta a las preguntas ""¿Cómo veo yo todo esto, qué emoción me suscita esta historia, cómo me siento con todo esto?"" está en la manera en que cuentas la historia y el tono emocional general también. ¿Quieres que sea una historia triste o alegre? ¿Quieres vengarte? ¿Quieres ser despiadado o bondadoso? En el caso de nuestro enfermo asesino, ¿te da pena o te enorgullece?

Ahora mismo también decides el género. Puede que quieras contar el drama íntimo de este enfermo en su venganza y demostrar que es una persona buena en circunstancias terribles, entonces será un drama psicológico. Si es un thriller, ya sabemos cómo puede acabar todo y que habrá asesinatos, una venganza, una investigación. ¿Y si quieres que sea como un historia del Lejano Oeste? Un enfermo en la frontera de todo. Si es una comedia redentora, pues el enfermo no mataría a nadie porque todo le saldría mal, por ejemplo. Tu visión determina el género, la voz narrativa, el estilo y el tono. Todo esto conlleva que la forma en que narras una historia y su trama están relacionadas. En efecto, la forma en que quieres desarrollar tu novela, determina la trama. Y la trama responde a tu visión sobre la novela que quieres escribir.





Lo importante hasta ahora para tu novela

Quien narra una historia depende de su visión sobre lo que trata. Tu visión condiciona todo. Este paso puede ser el tercero, el sexto o el último. O quizás es anterior a todo porque lo tienes tan claro que te dices que quieres gritar sobre un tema de una forma determinada y muy concreta y entonces ya decides el tono, la voz narrativa, el estilo y el género sale solo.





7. Escribir una novela paso a paso: ver el camino de tu novela

Ha llegado el momento de estructurar la trama. Tienes el pistoletazo de salida con tu protagonista bien definido que se enfrenta a solucionar el paso 2 junto a otros personajes. Ahora necesitas ver dónde empieza todo y dónde acaba. Y así contemplas las partes de la novela y cómo aprovecharlas.

Este proceso empieza con el problema de la pregunta del paso 2, pero ahora necesitas definir exactamente dónde y cuándo. Y no se trata solamente del lugar geográfico y el momento exacto, que son imprescindibles, tanto como la estación del año y lo que se respira en el ambiente. Es crucial definir el clima emocional inicial de tu novela y cómo se desarrolla hasta el final. No es lo mismo un asesinato durante las fiestas de verano de tu pueblo que en la soledad del ártico, eso son dos libros completamente diferentes. No es lo mismo estar enfermo en un edificio de 40 pisos en Madrid en otoño que en una casita en el campo también en otoño. El escenario da la nota emocional del momento y es muy importante. También necesitas ver dónde, cuándo y cómo acaba tu protagonista al final. Una vez que tienes trazado el trayecto del viaje y ves muy claros el comienzo y el final, entonces puedes pasar a las etapas del viaje.









8. Escribir una novela paso a paso: empezar a construir tu novela

Hay una estructura básica que funciona muy bien y es por la que puedes empezar. Se trata de la estructura de tres actos.

Organiza la respuesta a la pregunta del paso 2 en tres partes: comienzo, desarrollo y final.

Ya sabes dónde empieza todo y dónde acaba, te lo he mencionado en el paso anterior, el número 7. Empieza por delinear esos momentos con mayor precisión. El comienzo representa un 10% de la novela y en él presentas al protagonista, su mundo y la pregunta inicial porque al protagonista le cae una pianazo encima, es su problema y lo resolverá a lo largo de la novela. En este comienzo de tu novela muestras las cartas con las que vamos a jugar.

En nuestro ejemplo, este enfermo quiere matar a varias personas. Pongamos que tiene la enfermedad por culpa de estas personas. Al principio se siente solo enfermo y rabioso. Se entera que está así por culpa de su mejor amigo y que este amigo no estaba solo. Traza su plan.

Y al final tiene que haber conseguido culminar una parte del plan. ¿Cómo se siente ahora que la historia acaba? ¿Está mejor de salud? O tal vez no ha conseguido matar a nadie, cada asesinato le ha salido mal, de mal en peor. Al final, ¿cómo está? ¿Quién es al final? ¿Qué lo diferencia del que era al principio? Ya ha acabado la partida con las cartas que nos tocaron al inicio. Ya tienes el final, que representa entre un 5% y un 10% de la novela.





9. Escribir una novela paso a paso: encajar la trama

Entre esos dos polos, el comienzo y el final, está el desarrollo. Allí es donde resuelves la pregunta del paso 2. Y solo puedes hacerlo porque conoces muy bien a tu protagonista y su mundo. Piensa en cómo el protagonista descubre sus capacidades a medida que los retos lo desafían y luego cómo implementa su nuevo yo para conquistar el mundo con nuevos retos. Sí, todo va de retos, pero a dos niveles dentro del desarrollo. Hay una primera parte en la que el protagonista no sabe todavía de qué es capaz y se dará cuenta a medida que enfrenta problemas crecientes. No valen retos de cualquier tipo. Y luego hay una segunda parte en la que ya sabe y cree que es capaz e implementa su nuevo yo a la conquista de nuevos retos. Al final pierde y gana, aprende y asume este aprendizaje. Y así llegamos al final de tu borrador.





Lo importante hasta ahora para tu novela

Ahora tienes una visión global, puedes ver el camino del protagonista. Esta visión te permite no perderte, mantener la coherencia, no bloquearte, tener una novela completa. Sabes cómo empieza todo, cómo acaba todo y cómo se alcanza el final. Ahora ya puedes empezar a trazar los detalles. Y empezarás a ocuparte de los capítulos y las escenas. Los pasos 8 y 9 son fundamentales para alcanzar el paso 7 o puedes hacerlo al revés. Aquí lo verdaderamente esencial es que tengas esta visión global muy definida para no perderte.





Puedes ampliar estos pasos de la creación de tu novela

Sigue leyendo y complementa esta información con la entrada del Blog “ La estructura de una novela""





10. Escribir una novela paso a paso: encajar la trama y las subtramas

Ya tienes el camino del protagonista, eso es el cauce principal de tu novela. Pero el protagonista no lo hace todo por su cuenta y riesgo. Y es aquí dónde entran las subtramas.

Si el cauce principal es un camino bastante recto de dificultades claras, ahora es cuando se convierte en un laberinto. Cada pasadizo secreto del laberinto es otra subtrama. Las subtramas te permiten jugar más y divertirte, darle sorpresas a tu protagonista y mostrar más las circunstancias de todo. Es como cuando vas caminando, llegas tarde y te encuentras con semáforos rojos uno tras otro y de repente alguno verde u otro amarillo porque algo o alguien los conecta y allí hay una historia. Las subtramas tienen muchos propósitos. Sirven para aumentar o rebajar la tensión, para acercarnos al protagonista permitiéndonos conocerlo más a fondo, o también para conocer la verdad del conflicto.

Cuando estás trazando subtramas, considera si te permiten que la trama principal sea más sabrosa y no olvides que tienen también en sí mismas un comienzo, un desarrollo y un final. Nunca cuentes algo y ya está. Cada aspecto que cuentas necesita un desarrollo orgánico y para que lo sea, necesita esas tres partes: presentación con el comienzo, nudo con lo que se hace para alcanzar la solución y el final con la solución del conflicto. Todo en una novela tiene esas tres partes.

Si nuestro enfermo asesino no sabe disparar una pistola, por ejemplo, se encontrará con alguien que sí sabe hacerlo y le enseñará. Quizás se trate de otro asesino o de un policía encubierto. Se conocen, practican el tiro y el asesino 2 le ayudará con su plan o el policía lo detendrá, por ejemplo.





Lo importante hasta ahora para tu novela

Considera que cada subtrama requiere un personaje nuevo, un escenario nuevo y un momento nuevo. Es una trama en pequeño que refuerza la trama principal. Este paso 10 te facilita la vida si lo trazas después de los anteriores. Aunque hay autores que van construyendo la novela de forma aparentemente desordenada o a medida que surgen las ideas, al final vas a necesitar que todo cuadre y para eso te irá bien ver la trama completa y cómo encajan las subtramas. Pero es fundamental que tengas este orden bien implantado en tu cabeza para saber cómo jugar mejor sin perderte por el camino de tu novela. Lo importante es esta visión final, global y completa antes de ponerte a escribir. La manera en que des con cada pieza de Lego no es determinante. Apunta todo y cuando creas que lo tienes, coloca todas las piezas y observa el mapa. ¿Tiene sentido? ¿Puedes ver claramente el recorrido de tu protagonista, cómo evoluciona, unos lo ayudan, otros lo perjudican y alcanza el final que buscaba? Si las respuestas son todas afirmativa, vas muy bien y estás escribiendo una novela coherente.





11. Escribir una novela paso a paso: definir los tramos de la estructura

Cada capítulo es un piso de un edificio para mostrar una parte del edificio completo. Y cada uno de esos pisos permite subir hacia otro que tiene que conducir al siguiente. ¿Cuántos pisos es el comienzo? En uno muestras al protagonista, en otro a sus amigos o apoyos, en otro vive el antagonista y sus apoyos. El conflicto es el problema al que se enfrenta tu protagonista y tiene que estar presente o sí o sí. Y ese edificio está en un lugar concreto, en un momento concreto. Dentro de cada piso pasan cosas. La novela es acción (y no me refiero a James Bond ni nada parecido). En una novela pasan cosas. Los personajes hacen cosas. Y todas y cada una de sus acciones nos lo muestran. Cada piso de este edificio simbólico tiene habitaciones y encada una sucede algo. Las habitaciones de cada piso son escenas. Cada capítulo se relaciona con el siguiente, uno impulsa al que le sigue y solo así la novela avanza. Cada capítulo de una novela es una unidad de acción y está formado por escenas.





12. Escribir una novela paso a paso: establecer lo esencial en el recorrido de la trama

Imagina las escenas como eslabones de una cadena. O como habitaciones de un piso. La imagen que te sirva más. Lo importante es que seas muy consciente de que cada una muestra una parte del trayecto del protagonista y nunca, nunca se repiten. Cada una es una habitación diferente que te ayuda a conocer el piso y lo conforman. Si nuestro protagonista está caminando de piso en piso desde la entrada del edificio hasta la azotea, pasa por cada una de las habitaciones solo una vez y sigue avanzando. Un protagonista que no avanza, detiene la historia y aburre. Muchísimo. Las escenas permiten construir capítulos y unidades de acción. Cada escena es un escalón de una escalera que sube y cada tramo es un capítulo. Las escenas son la célula de la novela.

Supongamos que estamos en el capítulo en el que nuestro enfermo se entera de la traición de sus amigos que son los causantes de su enfermedad. Es un capitulo letal. En una escena se entera de casualidad, quizás descubre algo a lo que no le había prestado atención. Esta casualidad lo conduce al descrédito. Sufre y llora, grita. En la próxima escena tiene que lidiar con esta tendencia de no ver la verdad y empieza a enfadarse. Se enfada mucho. Y en la tercera escena toma una determinación: va a asesinar a cada uno de estos supuestos amigos. El próximo capítulo será, entonces, para su plan de asesinato. Y así escribes una novela con sentido, escena a escena. capítulo a capítulo.





Lo importante hasta ahora para tu novela

Es crucial que las escenas avancen, que una conduzca a la siguiente y que formen un capítulo. Cada escena representa un comienzo, un nudo y un final dentro de cada capítulo, como un antes/durante/después de lo que quieres contar en ese capítulo. Hay autores que le ponen un título a su capítulo y luego trazan las escenas. Hay autores que trazan las escenas aleatoriamente y luego las agrupan por capítulos. Estos pasos son necesarios, pero el orden puede variar. Puede que te venga una escena completa en cualquier momento de la construcción de tu novela. Guárdala. Es mejor colocar cada escena en su sitio una vez que tienes la visión global y sabes qué vas a tratar en cada capítulo. Y además, una vez que colocas cada escena en el lugar que le corresponde, te darás cuenta de lo que te sobra y te falta para seguir adelante. Y comprobarás que tu novela tiene sentido.





Puedes ampliar estos pasos de la creación de tu novela

Y seguir aprendiendo sobre las escenas con ejemplos concretos en las siguientes entradas del Blog:









Conclusiones a tener en cuenta al crear tu novela

El orden de pasos tal cual está expuesto te sirve de guía, pero no de receta. Respeta tu manera de escribir y a la vez ten muy en cuenta qué aspectos te facilitan tu proceso de escritura, que es algo que te pertenece solo a ti. Si tienes una idea inicial muy clara y la desafías bien, tendrás una novela fuerte. Si tienes una visión clara del recorrido de tu protagonista, cada pieza encajará mejor, no te bloquearás ni te perderás. No es un proceso automático, a veces tendrás que pasarte días con una misma escena o una decisión en concreto. Escribir no es un producto que se obtiene a través de una cinta transportadora. Es un proceso orgánico y creativo que requiere tiempo. Todo esto es previo a ponerse a escribir. Si escribes a vuelapluma, está muy dentro de ti, lo sabes mejor que tu propio nombre. Si escribes con escaleta, también es un paso previo. Sin estructura no hay novela sino un cúmulo de cosas sin sentido.























","As an expert in semantic SEO and content strategy, I've analyzed the provided article to identify its strengths, weaknesses, and opportunities for creating superior, outranking content.

---

### Semantic SEO Analysis: ""Cómo escribir una novela paso a paso""

**1. Main Keywords, Semantic Clusters, and Related Terms**

The article targets a clear primary keyword but spreads its semantic coverage across various related concepts, often directing users to external resources rather than covering them in depth within the article itself.

*   **Main Keywords (Primary Focus):**
    *   `cómo escribir una novela` (how to write a novel)
    *   `escribir una novela paso a paso` (write a novel step by step)
    *   `pasos para escribir una novela` (steps to write a novel)
    *   `empezar a escribir una novela` (start writing a novel)

*   **Semantic Clusters & Related Terms (Covered or Implied):**

    *   **Novel Writing Process & Methodology:**
        *   `guía para escribir una novela` (guide to writing a novel)
        *   `método narrativo` (narrative method)
        *   `planificar una novela` (plan a novel)
        *   `esquema para escribir una novela` (outline for writing a novel)
        *   `proceso de escritura` (writing process)
        *   `superar el bloqueo del escritor` (overcome writer's block)
        *   `consejos para escribir una novela` (tips for writing a novel)

    *   **Core Narrative Elements:**
        *   `trazar personajes` (outline characters)
        *   `crear personajes secundarios` (create secondary characters)
        *   `evolución de los personajes` (character evolution)
        *   `estructura narrativa` (narrative structure)
        *   `trama e historia` (plot and story)
        *   `conflictos en la novela` (conflicts in the novel)
        *   `comienzo desarrollo final` (beginning middle end)
        *   `fuerza emocional de la novela` (emotional force of the novel)
        *   `técnicas narrativas` (narrative techniques)
        *   `ambiente/espacio de la historia` (story setting/space)
        *   `tiempo para los lectores` (time for readers - referring to pacing/chronology)

    *   **Author's Resources & Community:**
        *   `curso gratuito escribir novela` (free novel writing course)
        *   `videoguía para escribir` (video guide for writing)
        *   `cuaderno de trabajo para escritores` (writer's workbook)
        *   `boletín escritores` (writer's newsletter)
        *   `reto narrativo` (narrative challenge)

*   **User Intent Keywords:** The article heavily addresses `informational` intent (users seeking how-to guides, steps, methods) and `navigational/investigational` intent (users looking for a specific course, teacher, or community).

**2. Content Structure and Hierarchy**

The article's structure is primarily designed as a sales/funnel page for the author's other resources, rather than a standalone, comprehensive guide within itself.

*   **Overall Structure:**
    1.  **Catchy, Anti-Recipe Introduction:** Challenges common ""steps"" articles, introduces the author's flexible ""patterns"" philosophy.
    2.  **Author's Philosophy & Value Proposition:** Explains the flexible, adaptable nature of the proposed ""scheme"" and why it's effective for different authors.
    3.  **""Brújula"" (Compass) Metaphor:** Positions the article as a guide.
    4.  **Consumption Guidance:** Instructs the reader *how* to engage with the content (slowly, at their own pace).
    5.  **Introduction to the ""Essential Content"" (The Funnel):**
        *   This *article* (global vision).
        *   A *video guide* (practical, detailed step-by-step).
        *   A *free initiation course* (broader perspective, essential techniques).
    6.  **Call to Action & Recommended Flow:** Start with this article, then video, then course. Emphasizes finding one's own path.
    7.  **Reinforcement of Complementary Material:** Reiterates the value of the article as a ""compass"" and the first step.
    8.  **Detailed Description of the Free Course:** Lists topics covered (characters, plot, conflict, structure, etc.) and daily program (Day 1-8).
    9.  **Subscription CTA:** Access the course by subscribing to the newsletter.
    10. **Philosophical Interlude:** ""Escribir una novela no es seguir un mapa. Es encontrar el pulso.""
    11. **Reiteration of Value Proposition:** ""Todos los pasos para escribir una novela, tu brújula para no perder el norte.""
    12. **The ""Steps"" Section (Incomplete):**
        *   `0. Antes de empezar a escribir una novela` (Before starting to write a novel): Conceptual advice on planning, preparation, and mindset, using a travel metaphor.

*   **Hierarchy:** The article uses bolding and implied section breaks, but lacks clear H2s/H3s for the majority of the content. The most prominent headings relate to the *resources* (e.g., ""material complementario,"" ""curso sobre lo fundamental"") rather than the *steps of writing a novel*. The actual ""Pasos para escribir una novela"" section is introduced very late and only one step (step 0) is provided in the excerpt. This is a critical structural weakness.

**3. User Intent Addressed**

*   **Primary Intent: Informational (Seeking Guidance & Methodologies)**
    *   Users are looking for ""how-to"" advice on writing a novel, seeking a structured approach, tips, and a clear path. The article acknowledges this by promising ""pasos"" and a ""brújula.""
*   **Secondary Intent: Navigational/Investigational (Seeking a Specific Solution/Mentor)**
    *   Users are likely open to finding a course, a teacher, or a community to support their writing journey. The article effectively funnels users towards the author's video guide, free course, and newsletter, positioning the author as an expert and mentor.
*   **Implied Intent: Problem-Solving (Overcoming Blocks/Confusion)**
    *   The article addresses the common frustration of rigid ""recipes"" and promises a flexible approach, appealing to writers who might feel overwhelmed or stuck.

**4. Topical Authority Signals**

The article effectively signals the author's authority, even if the content itself is incomplete.

*   **Direct Claims of Expertise:**
    *   ""tengo experiencia en la enseñanza de narrativa"" (I have experience teaching narrative).
    *   Mentions ""Reto Narrativo"" (Narrative Challenge) on its 9th edition (#RN9), indicating consistency and a proven track record.
*   **Comprehensive Resource Ecosystem:** Offering an article, video guide, free course (10+ hours of video, daily material), and a newsletter demonstrates a deep commitment to the topic and a multi-faceted approach to teaching. This signals a broad and deep understanding.
*   **Nuanced Philosophy:** The emphasis on flexible patterns over rigid recipes, and finding one's own path, suggests a sophisticated understanding of the creative process beyond simplistic instructions.
*   **Detailed Course Curriculum:** Listing the specific topics covered in the free course (characters, plot, conflict, structure, etc.) shows a clear grasp of the essential components of novel writing.
*   **Established Presence:** The existence of a blog (""Este artículo de mi blog"") and a recurring ""Reto Narrativo"" implies an established presence in the writing community.

**5. Gaps or Weaknesses in Coverage**

This is where the most significant opportunities lie for creating superior content.

*   **Incomplete Core Promise:** The most glaring weakness is that the article's title and introduction promise ""pasos para escribir una novela"" but only provides ""0. Antes de empezar a escribir una novela"" in the provided text. The actual, actionable steps (1, 2, 3...) are missing, making the article feel incomplete and more like a *course introduction* than a standalone guide. This is a massive SEO and user experience gap.
*   **Over-Reliance on External Resources:** While good for a funnel, the article dedicates a disproportionate amount of text to *describing* the video guide and free course, rather than delivering concrete, actionable content *within the article itself*. Users searching for ""how to write a novel"" expect to find the ""how-to"" in the article they clicked on, not just a link to another resource.
*   **Lack of Specific, Actionable Advice (within the article):** The article *lists* many crucial topics (character development, plot structure, conflict, etc.) as part of the free course, but it doesn't *explain or guide* the reader through these topics within its own content. The ""0. Antes de empezar..."" section is conceptual but lacks practical implementation advice.
*   **Poor Internal Structure for the ""Steps"":** The ""Pasos para escribir una novela"" section, even the single ""Step 0"" provided, is a dense block of text. It could benefit from sub-headings, bullet points, or numbered lists to improve readability and scannability.
*   **Limited Examples and Illustrations:** Good writing advice often benefits from concrete examples from literature or hypothetical scenarios. The article uses one metaphor (travel to Tokyo) but doesn't delve into specific writing examples.
*   **Delayed Gratification:** The article spends a lot of time explaining its philosophy and resources before getting to any actual ""steps."" This can frustrate users looking for quick, direct answers.
*   **Potential for Keyword Cannibalization:** If the video guide and free course also have landing pages or transcripts, there's a risk of cannibalization if this article isn't distinct enough in its content.
*   **No Explicit Mention of Key Stages (Beyond ""0""):** While the course outlines ""beginning/development/end,"" the article itself doesn't walk the reader through these stages in a step-by-step manner.

---

### Strategy for Superior Content

To outrank this article, our content must:

1.  **Fully Deliver on the Promise:** Provide a comprehensive, detailed, and actionable ""step-by-step"" guide to writing a novel *within the article itself*. Each step should be thoroughly explained.
2.  **Robust Semantic Coverage:** Go deeper into each semantic cluster identified. For example, instead of just listing ""trazar personajes,"" our content will provide detailed methods and tips for character development, including examples.
3.  **Clear, Logical Hierarchy:** Utilize strong H1, H2, and H3 headings to break down the content into easily digestible sections, improving readability and SEO.
4.  **Actionable Advice & Examples:** For every step, offer concrete tips, exercises, and literary examples to illustrate concepts.
5.  **Address User Intent Directly:** Prioritize informational intent by providing direct answers and guidance, while still offering supplementary resources (ours, not just the author's) where appropriate.
6.  **Enhanced User Experience:** Incorporate visuals (infographics, diagrams), bullet points, numbered lists, and clear calls to action (e.g., ""Now, try this exercise:"").
7.  **Strategic Internal and External Linking:** Link to relevant internal content (other blog posts on specific topics like ""how to write dialogue"") and authoritative external resources.
8.  **Unique Value Proposition:** While acknowledging the author's flexible approach, our content can offer a *structured yet adaptable framework* that empowers writers without being overly prescriptive.
9.  **Proactive Problem-Solving:** Address common pain points for aspiring novelists (writer's block, plot holes, character arcs) directly within the relevant steps."
cómo escribir una novela coral – Amaya Blanco – Talleres de ...,https://amayablanco.es/novela-coral/,"Cuando empecé a estudiar cómo escribir novela, con el acompañamiento de un novelista de la talla de Juan Gómez Bárcena, sabía que quería utilizar mi experiencia como estudiante de árabe en El Cairo, donde estuve entre 2003 y 2004.

Se me ocurrió una historia sobre una ejecutiva que iba a gestionar un hotel de lujo a Egipto y a la que le pasaban todo tipo de peripecias por el choque cultural, pero mi profesor me preguntó qué tipo de transformación iba a sufrir la protagonista y no supe qué responder.

¿La protagonista tiene que transformarse?

Pues sí, es crucial que se transforme, me enseñó, porque si no, no sería una novela, sino un conjunto de anécdotas.

Entonces quise cambiar de protagonista. Se trataría de una profesora de español a la que mandaban a la facultad de filología de El Cairo (la misma en la que había estudiado yo). Ella llegaría llena de prejuicios, pensando que iba a cambiar a los que ella consideraba unos retrasados, y terminaría por entender su cultura y darse cuenta de la riqueza que ella estaba ignorando por culpa de su soberbia.

Mejor, ya podía ponerme a escribir, tenía el esqueleto de la historia. Pero, al narrar, no solo mi protagonista empezó a cambiar, sino que el intercambio con sus alumnos, y la situación histórica que estaba viviendo Egipto, también provocaron cambios en los propios estudiantes. Dios mío, la novela se me estaba yendo de las manos. En mitad de la escritura tuvo lugar la primavera árabe.

Me acuerdo de que yo estaba sola en un hotel de Algeciras, entonces trabajaba en cooperación hispano-marroquí (de algo me habían servido mis estudios de árabe) y tuve que pasar la noche en aquella ciudad para coger el ferry a Tánger al día siguiente.

Encendí la tele para pasar el rato y vi la plaza Tahrir abarrotada de jóvenes que gritaban:

¡Abajo Mubarak!

¡Dios santo! ¡Mi novela se hacía realidad!

Se me nublaron los ojos al ver aquel sueño de tantos Egipcios, por fin, ocurría en sus calles.

Desde entonces, y cada día, seguí de cerca los acontecimientos, vi caer al dictador que tan imposible había hecho la vida de mis amigos (la mía no, porque los extranjeros tenemos otro estatus en Egipto) y lloré de alegría. Pensé: éste tiene que ser el final de mi novela.

Pero claro, yo no entendía bien lo que había ocurrido ni cómo tuvo lugar.

Así que decidí escribir a los jóvenes de la revolución, ingenua de mí. Pensé: si han hecho todo esto a través de Facebook, seguramente podrán leer mi mensaje y contestarme. Tal vez pueda hacerles algunas entrevistas.

Pero nadie respondió. En vez de eso, en televisión, vi cómo las manifestaciones pacíficas se convertían en batallas campales. Después, la cosa se complicó con ataques a las iglesias coptas. ¿Qué tenían que ver ahora los coptos?

Llamé a mis amigos, ellos tampoco entendían gran cosa, todo era muy complicado y peligroso, al parecer, estaban desapareciendo jóvenes revolucionarios, algo se había oído acerca de torturas, todo muy oscuro.

Así no puedo escribir yo nada, pensé.

Y abandoné la novela.

Necesitaba escribir sobre algo más cercano, algo que pudiera entender mejor. Lo bueno es que todas las técnicas narrativas que había aprendido con ese primer borrador ya las tenía bien engrasadas para acometer la escritura de La doble B, pero eso es otra historia.

Y ahí quedó la cosa con Egipto. Me enteré por las noticias de que, no se sabe muy bien cómo, algo que ver con el apoyo de un partido llamado los Hermanos Musulmanes, llegó al poder otro dictador más férreo y sangrante que Mubarak, Abdelfatah El-Sisi, un comandante, que sigue aún haciendo desaparecer a todo el que le contradiga.

Pero un día, dando un taller de escritura creativa en una biblioteca de Las Palmas, conocí a una chica que también había estudiado árabe en El Cairo y me recomendó La república era esto, de Alaa Al Aswani.

A medida que iba leyendo se me iban abriendo más los ojos: ésta es la novela que yo quería escribir. Sentí un gran alivio por haber sabido retirarme a tiempo ya que nunca lo habría podido hacer como él. Su autor es un periodista que vivió la primavera árabe en primera persona y que ahora está exiliado en Francia por sus críticas al régimen de Al-Sisi.

No sé qué me maravilló más, si entender por fin la historia de lo ocurrido (por dura que sea) o la forma en la que lo narra, a través de una multiplicidad de narradores que te permiten ver todas las caras de un conflicto nada sencillo.

Vamos a ver, ahora sí, las características de la novela coral a través de esta novela egipcia.","This article is a personal narrative, a prelude to a deeper dive into the ""novela coral"" (choral novel). While rich in personal experience and literary reflection, it has significant structural and topical weaknesses from an SEO perspective if its goal is to rank for informative queries.

Here's the breakdown:

---

### 1. Main Keywords, Semantic Clusters, and Related Terms

The article's primary focus, explicitly stated at the very end, is ""novela coral."" However, the bulk of the content revolves around related, but distinct, semantic clusters.

**A. Primary (Intended, but not delivered in *this* article):**
*   **Main Keyword:** `novela coral` (choral novel)
*   **Related Terms:** `características novela coral`, `estructura novela coral`, `ejemplos novela coral`, `Alaa Al Aswani La república era esto` (as an example)

**B. Secondary (Strongly covered by the narrative):**
*   **Writing Process & Narrative Theory:**
    *   `cómo escribir una novela`
    *   `transformación del protagonista novela`
    *   `desarrollo de personajes novela`
    *   `estructura narrativa novela`
    *   `integrar eventos históricos en la ficción`
    *   `diferencia novela anécdotas`
    *   `técnicas narrativas`
    *   `mentor escritura novela`
    *   `bloqueo escritor` (implied by abandoning the novel)
*   **Egypt & Arab Spring (Contextual):**
    *   `Primavera Árabe`
    *   `revolución egipcia 2011`
    *   `Plaza Tahrir`
    *   `Mubarak`
    *   `Abdelfatah El-Sisi`
    *   `Hermanos Musulmanes`
    *   `choque cultural Egipto`
    *   `estudiar árabe en El Cairo`
    *   `literatura sobre la Primavera Árabe`
    *   `dictadura Egipto`
*   **Literary Works & Authors:**
    *   `Alaa Al Aswani`
    *   `La república era esto`
    *   `Juan Gómez Bárcena` (as a writing mentor)

**C. Tertiary (Implicit/Thematic):**
*   `ficción histórica`
*   `escritura autobiográfica`
*   `perspectivas múltiples en la novela`
*   `periodismo y literatura`

---

### 2. Content Structure and Hierarchy

The article's structure is that of a **personal essay or memoir**, not an optimized web article.

*   **No Headings or Subheadings:** The entire piece is a single block of text, making it difficult for readers (and search engines) to quickly grasp the main points or navigate the content.
*   **Linear Chronological Narrative:**
    1.  **Introduction (Paragraph 1-2):** Author's initial attempt at novel writing, mentor's advice on character transformation.
    2.  **Problem & Solution (Paragraph 3-5):** Rejection of initial idea, adoption of a new protagonist and plot focusing on transformation.
    3.  **External Disruption (Paragraph 6-10):** The Arab Spring erupts, impacting the narrative and the author's ability to write.
    4.  **Realization of Limitation (Paragraph 11-14):** Author attempts to research directly, realizes her lack of understanding and direct experience, leading to abandoning the novel.
    5.  **Resolution & Transition (Paragraph 15-19):** Author moves on to another book, later discovers Alaa Al Aswani's ""La república era esto,"" which perfectly embodies the *type* of novel she wanted to write, specifically a ""novela coral."" The article concludes with a promise to discuss ""las características de la novela coral a través de esta novela egipcia.""

**Hierarchy Weakness:** The most crucial information (the definition and characteristics of a ""novela coral"") is only hinted at and *promised* at the very end, rather than being the central focus or having a clear hierarchical position within *this* article. The personal journey overshadows the intended topic.

---

### 3. User Intent Addressed

The article indirectly addresses several user intents, but often not in a comprehensive or direct manner.

*   **Informational (Indirectly):**
    *   ""What is character transformation in a novel?"" (Addressed through the mentor's advice).
    *   ""How to integrate historical events into fiction?"" (Addressed through the author's struggle).
    *   ""Novels about the Arab Spring?"" (Alaa Al Aswani's book recommendation).
    *   ""What is a choral novel?"" (Hinted at, but not explained).
*   **Navigational:**
    *   Users looking for `Alaa Al Aswani La república era esto` might find this as a positive review/recommendation.
    *   Users looking for `Juan Gómez Bárcena` might find his advice on novel writing.
*   **Experiential/Inspirational:**
    *   Aspiring writers facing similar challenges (integrating real events, character development, writer's block) might find the author's personal story relatable and encouraging.
    *   Readers interested in personal reflections on the writing process.

**Primary Gap in Intent:** For a user explicitly searching for `novela coral` or `características novela coral`, this article would be highly unsatisfying as it provides a lengthy anecdote *leading up to* the topic, but not the actual information. It fails to fulfill the promise implied by its eventual conclusion.

---

### 4. Topical Authority Signals

*   **Strong Personal Experience:** The author's background as an Arabic student in Cairo (2003-2004) and experience in Hispanic-Moroccan cooperation lends credibility to her personal narrative about cultural shock and the region.
*   **Literary Mentorship:** Mentioning ""Juan Gómez Bárcena"" adds a layer of authority regarding novel writing techniques and theory.
*   **Acknowledged Limitations:** The author explicitly states her lack of deep understanding of the Arab Spring's complexities (""yo no entendía bien lo que había ocurrido""), which, paradoxically, builds trust by setting realistic expectations for her perspective.
*   **Literary Awareness:** The discovery and appreciation of Alaa Al Aswani's ""La república era esto"" demonstrates knowledge of relevant and respected literature on the topic.
*   **""Show, Don't Tell"" (for challenges):** The narrative effectively illustrates the difficulties of writing about complex historical events without direct, intimate knowledge.

**Weaknesses in Authority:**
*   **Lack of Direct Expertise (on ""novela coral"" in *this* article):** While she introduces the concept, she doesn't demonstrate authority by explaining or analyzing it here.
*   **No External Citations/References:** Beyond naming authors and books, there are no academic, journalistic, or critical sources to back up claims, especially concerning the Arab Spring events.
*   **Anecdotal Evidence:** Authority is built on personal experience, but not on objective analysis or comprehensive coverage of the factual or theoretical topics touched upon.

---

### 5. Gaps or Weaknesses in Coverage

*   **The Core Topic (""Novela Coral"") is Missing:** This is the most significant gap. The article is a long introduction that *promises* to discuss the characteristics of the choral novel but never delivers on that promise within its own scope. It's an excellent lead-in, but not a standalone piece of content for that keyword.
*   **Lack of Actionable Advice/Definition:** While it touches on character transformation, it doesn't provide concrete tips or a clear definition of the concepts it introduces.
*   **Superficial Coverage of Arab Spring:** The author acknowledges her own limitations, but for a user searching for information on the Arab Spring, the article offers a distant, personal, and ultimately unfulfilled perspective.
*   **No Comparative Analysis:** While it contrasts her attempt with Alaa Al Aswani's success, it doesn't delve deeply into *why* his approach to ""novela coral"" is superior beyond his first-hand experience.
*   **Poor SEO Structure:** The absence of headings, subheadings, bullet points, or clear sections makes the content difficult to scan and reduces its visibility for specific queries.
*   **Unclear Target Audience:** Is this for aspiring writers, readers of Egyptian literature, or those interested in political history? The broadness dilutes its focus.
*   **Incomplete Information:** It leaves the reader hanging, expecting the ""real"" content to follow.

---

This analysis clearly shows that while the article is a compelling personal narrative, it's poorly optimized for informational semantic SEO regarding ""novela coral"" or even the writing techniques it discusses. It functions more as a personal blog post than a strategic piece of content aiming to rank for specific, high-intent keywords."
"Cómo escribir una novela, según 10 buenos novelistas",https://www.esquire.com/es/actualidad/libros/a35439166/como-escribir-novela/,"Hace mucho, mucho tiempo, en el primer confinamiento, probablemente te dijiste a ti mismo que justo ese momento, en medio de una pandemia, era el momento perfecto para concebir, tramar, escribir, revisar, reescribir, completar y publicar una novela que transformara por completo lo que creíamos que era posible expresar en la lengua española.

No lo era. Obviamente no lo fue. Ahora lo sabes. Pero incluso si un período de un año de aislamiento y ansiedad no fue ideal para tu David Foster Wallace interior, no hay mal momento para empezar a escribir. No importa realmente si todo va hacia algún sitio. Simplemente escribe algo y ve hacia dónde vas.

Para ayudarte, hemos preguntado a 10 escritores consolidados y emergentes cuáles son las reglas que utilizan para encontrar ideas, llevar las palabras a la página y convertir un primer borrador interesante en algo más sustancial.

Déjate llevar

""Gran parte de mi proceso de escritura consiste en no escribir. Paso mucho tiempo siguiendo mis intereses, bajando por los agujeros de conejo de Google y YouTube, o sumergiéndome en libros de fotografía. Siempre tengo los auriculares puestos y me encuentro garabateando letras de canciones en cuadernos. Lo que más me preocupa son los sentimientos y siempre trato de encontrar formas de mapear y expresar esos sentimientos. ¿Y qué mejor manera que seguir tus curiosidades, perseguir tus amores? Escribir, hasta cierto punto, es un acto de amor y debe tratarse como tal"".



– Caleb Azumah Nelson, autor de Open Water







""Una colección de misceláneas puede resultar de lo más interesante y sugerente más adelante""





Tomar notas, en todas partes

""Ten siempre a mano un pequeño cuaderno y un bolígrafo. Cada vez que oigas algo interesante, o tengas un pensamiento fugaz, o incluso, encuentres una palabra nueva en un libro que no conozcas, apúntalo. Una colección de misceláneas puede resultar de lo más interesante y sugerente más adelante"".

–Yiyun Li, autor de libros como Must I Go, Where Reasons End y A Thousand Years of Good Prayers





No lo complique en exceso

""Hazlo sencillo: la complejidad es el enemigo. Ponte una tarea narrativa, por ejemplo: ""Mañana tengo que escribir una escena concreta"", en lugar de ""Mañana tengo que escribir 800 palabras"". La trama puede estructurarse como: situación, complicación, nuevo equilibrio. Y esto se aplica tanto a las escenas como a los libros completos: el nuevo equilibrio es el gancho para la siguiente escena. Los verbos son muy importantes, ahí está la acción. Metaforízalos si es posible. Escribe: ""El hombre pelirrojo atravesó la puerta con el hombro""; no: ""El hombre pelirrojo de grandes hombros atravesó la puerta"".

– Giles Foden, autor de libros como Turbulence y The Last King of Scotland

Consulta la Wikipedia

""Mi consejo es que utilices el botón aleatorio de la Wikipedia como forma de generar ideas inusuales para la ficción. Cuando lo pulsas, aparece una página aleatoria -pero seleccionada- de las profundidades ocultas de Wikipedia. Puede ser una página sobre un grupo grunge de Vancouver o la Alianza Mundial de Iglesias Bautistas, o quizás Raimo Manninen, un esquiador alpino finlandés. Sigue haciendo clic en botón al azar hasta que tengas dos páginas que te interesen y luego escribe una historia que establezca una conexión entre esas páginas. Por ejemplo, podría ser una historia sobre un esquiador deprimido que encuentra a Dios en las montañas y decide bautizarse en un agujero en el hielo de un lago alpino. O, con suerte, algo mejor que eso"".



– Joe Dunthorne, autor de libros como Submarine, Wild Abandon y The Adulterants





Lee en voz alta

""Mi consejo para escribir sería: lee tu trabajo en voz alta, aunque creas que está terminado; siempre habrá algo que pueda decirse de forma más sencilla, o de una forma más clara, sobre todo si escribes diálogos"".



– Paul Mendez, poeta y autor de Rainbow Milk





Mira más allá de tu primera idea

Tu primer pensamiento nunca es el mejor. Sólo es el primero.

2. La mayoría de tus ideas son banales. Profundiza en ellas.

3. Ve y averigua cosas. Haz de la investigación un fetiche. La mayoría de las cosas que vale la pena escuchar no están ya en tu cabeza.

4. Deja de molestar a la gente con tus primeros borradores. Moléstate a ti mismo con tus primeros borradores.

5. Trabaja todos los días. No es un trabajo de aficionados.

– Andrew O'Hagan, redactor jefe de Esquire y autor de libros como La vida secreta, Mayflies, The Illuminations y Our Fathers





""El truco para escribir es fingir que no hay trucos""

No hay trucos

""El truco de la escritura es fingir que no hay trucos. Me niego a idealizar el proceso. Si lo hiciera, la inseguridad se apoderaría de mí. Estaría demasiado preocupada pensando: ¿puedo hacer esto? ¿Soy una escritora? No hay tiempo para eso. Cuanto más dramático parece el proceso -¡Oh, no puedo escribir si no llevo puesta mi boina roja! ¡Oh, sólo puedo escribir antes de que salga el sol! - más se ralentiza el proceso. Es importante, al menos para mí, poder escribir en cualquier lugar, en cualquier circunstancia. En las notas del teléfono, en la pausa del almuerzo, caminando por la calle. Nunca he dicho que esos retazos de escritura sean buenos (aunque a veces lo son). Pero estás flexionando el músculo, construyéndolo, enseñándote a ti mismo que escribir es sólo una acción. En otras palabras: deja de joder y ponte a ello"".

– Rebecca Watson, autora de Little Scratch





""Las ideas no se acumulan cortésmente en las salas de espera detrás de los documentos de Word; están en el mundo""





Distráete

""En caso de duda, dedícate a otras cosas. Aleja la escritura de la página y deja que la vida trabaje en ella tranquilamente durante un rato. Camina, cocina, pasa la aspiradora, llama a tu madre, haz un dibujo, y sin saberlo (o sabiéndolo) estarás resolviendo el problema, desmontando el cliché, refinando el giro de la frase, encontrando la palabra adecuada, y entonces vuelves a la obra, armado con este pensamiento que has estado haciendo, y el progreso está hecho. Reúne otras cosas para llevar a la página. El lenguaje, el tiempo, la experiencia"".



""El avance creativo más importante que he tenido con mi escritura fue estar en el baño de Nando's en Bromley cambiando los pantalones de mi hijo después de una explosión de caca en el pañal. Las ideas no se acumulan cortésmente en las salas de espera detrás de los documentos de Word; están en el mundo"".

– Max Porter, autor de The Death of Francis Bacon, Lanny y Grief is the Thing with Feathers





Ponte en sintonía al ponerte en tu sintonía

""Mi consejo sería 1) establecer una rutina en la que escribas al menos un par de horas cada día; 2) seguir adelante incluso cuando te sientas sin inspiración; 3) cuando estés a mitad de camino no pienses en cómo será recibido tu trabajo; 4) cuando hayas terminado un borrador reflexiona sobre él o, mejor aún, encuentra a alguien que te dé un feedback sincero; 5) prepárate para revisar, revisar y revisar.""



– Blake Morrison, poeta y autor de The Executor, The Last Weekend y And When Did You Last See Your Father?





No te castigues

""Desgraciadamente, no es un buen momento para pedirme consejo, precisamente porque ahora todo va bastante bien. No tengo que forzarme a escribir, simplemente me apetece hacerlo"". ¿Cómo ha surgido esto? Realmente no tengo ni idea, pero este raro y feliz estado de cosas es coherente con algo que dijo Víctor Hugo sobre el tema (no recuerdo dónde): cuando se puede escribir es fácil, cuando no se puede, es imposible.""



– Geoff Dyer, autor de libros como White Sands: Experiences from the Outside World, Another Great Day at Sea y Jeff in Venice





","This article provides valuable insights into the writing process through the lens of established authors. However, from a semantic SEO perspective, there are significant opportunities to enhance its depth, structure, and authority signals to create a truly superior piece of content.

---

### 1. Main Keywords, Semantic Clusters, and Related Terms

**Core Topic:** Writing advice / Creative writing process

**Main Keywords:**
*   escribir (to write, writing)
*   consejos para escribir (writing tips)
*   cómo escribir una novela (how to write a novel)
*   proceso de escritura (writing process)
*   escritores (writers)
*   ideas para escribir (writing ideas / ideas for writing)
*   primer borrador (first draft)
*   revisar escritura (revise writing)

**Semantic Clusters:**

1.  **Idea Generation & Inspiration:**
    *   *Keywords:* encontrar ideas, generar ideas, inspiración para escribir, creatividad, curiosidad, agujeros de conejo, tomar notas, misceláneas, botón aleatorio Wikipedia, investigación, observación, vida cotidiana, distraerse.
    *   *Related terms:* bloqueo creativo, musa, lluvia de ideas, serendipia.

2.  **Writing Process & Habits:**
    *   *Keywords:* proceso de escritura, rutina de escritura, hábitos de escritura, escribir a diario, disciplina, llevar palabras a la página, escribir en cualquier lugar, escribir sin trucos.
    *   *Related terms:* productividad, flujo de trabajo, metodología, práctica.

3.  **Craft & Technique:**
    *   *Keywords:* estructura narrativa, simplicidad, verbos, metáforas, leer en voz alta, diálogos, reescritura, revisión, feedback.
    *   *Related terms:* estilo, voz narrativa, coherencia, claridad, edición, corrección de estilo.

4.  **Mindset & Overcoming Challenges:**
    *   *Keywords:* no hay mal momento para escribir, dejarte llevar, no te castigues, inseguridad, ansiedad, perseverancia, motivación, superar bloqueo del escritor.
    *   *Related terms:* resiliencia, mentalidad de escritor, autocompasión, persistencia.

5.  **Authorial Authority (Implicit):**
    *   *Keywords:* escritores consolidados, escritores emergentes, autores, Caleb Azumah Nelson, Yiyun Li, Giles Foden, Joe Dunthorne, Paul Mendez, Andrew O'Hagan, Rebecca Watson, Max Porter, Blake Morrison, Geoff Dyer.
    *   *Related terms:* novelistas, poetas, obras literarias, bestsellers.

---

### 2. Content Structure and Hierarchy

The article follows a simple, listicle-like structure, presenting each author's advice sequentially.

*   **Implied H1 (Title):** Likely something like ""10 Writing Tips from Authors"" or ""Consejos para escribir de autores reconocidos.""
*   **Introduction:**
    *   Relatable hook: Acknowledges the common struggle of writing during the pandemic/confinement.
    *   Problem statement: It wasn't the ""perfect moment"" to write a novel.
    *   Solution: But any time is good to start; here are tips from experts.
    *   Purpose: To help readers find ideas, write, and refine drafts.
*   **Main Body (H2/H3 for each tip):**
    *   Each tip is introduced with a short, catchy phrase (e.g., ""Déjate llevar,"" ""Tomar notas, en todas partes,"" ""No lo complique en exceso"").
    *   Followed by a direct quote from an author elaborating on the tip.
    *   Author's name and a list of their notable works (acting as a form of credential).
    *   The structure is flat; there's no grouping or categorization of tips beyond their sequential order.
*   **Conclusion:** **Missing.** The article ends abruptly after the last author's quote, without a summary, call to action, or final thought.

---

### 3. User Intent Addressed

The article primarily addresses **Informational Intent**, specifically for users seeking:

*   **""How-to"" advice:** ""How do I start writing?"", ""How do I find ideas?"", ""How do I improve my draft?""
*   **Best practices/Expert opinions:** ""What do successful writers do?"", ""What rules do authors follow?""
*   **Inspiration/Motivation:** Users feeling stuck or overwhelmed by the writing process.
*   **Validation:** Acknowledging the difficulty of writing and offering encouragement.

It also subtly touches upon **Navigational Intent** for those familiar with some of the mentioned authors and curious about their writing philosophies.

---

### 4. Topical Authority Signals

The article demonstrates strong topical authority through:

*   **Expert Sourcing:** The most significant signal is the direct inclusion of advice from **10 established and emerging authors**. This leverages their pre-existing credibility and expertise in the field of writing.
*   **Author Credentials:** For each piece of advice, the author's name and a list of their published works are provided, reinforcing their authority and demonstrating they are indeed ""writers.""
*   **Specificity of Advice:** The tips, while sometimes philosophical, are often practical and grounded in the realities of the writing process (e.g., taking notes, reading aloud, daily work).
*   **Relatability in Introduction:** The opening paragraph's acknowledgement of the pandemic's impact on creative endeavors builds rapport and trust with the reader, showing an understanding of their potential struggles.
*   **Diverse Perspectives:** By including multiple authors, the article shows a nuanced understanding that there isn't one ""right way"" to write, which adds to its credibility.

---

### 5. Gaps or Weaknesses in Coverage

1.  **Lack of Deeper Elaboration/Context:** The tips are presented as short quotes. There's minimal to no additional explanation, examples, or ""how-to"" guidance on *implementing* the advice. For instance, ""Consulta la Wikipedia"" is intriguing, but the article doesn't guide the reader on *how* to connect two random pages into a compelling story.
2.  **Missing Specificity for ""Novel Writing"":** While the intro mentions ""novel,"" most advice is general writing advice. There's little specific guidance on elements crucial to novel writing like plot development, character arcs, world-building, dialogue writing techniques, pacing, or handling multiple points of view.
3.  **No Clear Call to Action (CTA) or Next Steps:** The article ends abruptly. It doesn't tell the reader what to do next, where to find more resources, or how to apply these tips practically.
4.  **Limited Internal/External Linking:** A significant SEO weakness. There are no links to the authors' websites, their books (e.g., Amazon, Goodreads), Wikipedia pages for deeper dives, or other relevant articles/resources about writing craft. This misses opportunities for both user experience and establishing deeper topical authority for search engines.
5.  **Absence of Visuals/Multimedia:** The article is purely text-based. Adding relevant images, author photos, or even a simple infographic summarizing tips could improve engagement and readability.
6.  **No FAQ Section:** Addressing common questions related to writing blocks, idea generation, or revision could capture more long-tail keywords and provide further value.
7.  **Flat Structure & Repetition:** While diverse, some tips share common themes (e.g., ""just write,"" ""take notes""). Grouping them into logical categories (e.g., ""Finding Inspiration,"" ""Mastering the Draft,"" ""Cultivating a Writer's Mindset"") would improve hierarchy and scannability.
8.  **No Strong Conclusion/Summary:** A concluding paragraph that summarizes the key takeaways and offers encouragement would enhance the article's completeness and impact.
9.  **No Mention of Tools/Resources:** No advice on writing software, apps, communities, or specific books on writing craft.
10. **Lack of User Engagement Elements:** No prompts for comments, sharing, or interactive elements.

By addressing these gaps, a new piece of content can leverage the existing article's strength (expert quotes) while significantly improving its utility, depth, and SEO performance."
Todos los consejos más prácticos sobre cómo escribir una novela ...,https://www.reddit.com/r/writing/comments/1j38u8n/all_the_most_actionable_advice_on_writing_a_novel/?tl=es-419,"Hey a todos,

Estaba juntando todos los mejores consejos que conozco sobre escritura. Siéntanse libres de agregar algo o de discutir alguno de estos puntos. Noten que nada de esto viene de mí. Son solo cosas que he visto y/o probado que me han ayudado. Cada consejo viene con su fuente mencionada.

ANTES DE EMPEZAR:

Pregúntate por qué estás haciendo esto: Como cualquiera que haya escrito algo, especialmente novelas completas, te dirá, es un viaje muy largo, a menudo solitario. Este post sobre una interacción con un autor famoso es invaluable para determinar si realmente quieres embarcarte en esta aventura. Según Story Genius: How to Use Brain Science to Go Beyond Outlining and Write a Riveting Novel (Before You Waste Three Years Writing 327 Pages That Go Nowhere***)*** de Lisa Cron, lo que importa más que nada es la historia de fondo. Donde empiezas tu historia no es donde empieza la historia de tu protagonista. Ellos tienen una historia de fondo que impacta cómo el incidente inicial los afecta y explica por qué están teniendo las reacciones que están teniendo. Ahí es donde pasa la magia. Así que piensa profundamente en tus personajes antes de empezar. Recomiendo seguir sus técnicas también.

MIENTRAS ESCRIBES:

1.Si quieres escribir mejor, literalmente copia: El título lo dice todo y el hilo tiene comentarios que explican por qué esto es tan efectivo. Básicamente, si quieres escribir como los escritores que más te gustan, escribe algo de ellos durante 20 minutos todos los días o cada dos días. Puede ser a mano o a máquina. El simple hecho de hacerlo te ayuda a entender cómo escriben como escriben, y por qué. Lo he estado haciendo con los libros que planeo comparar cuando envíe mi manuscrito. Me ha dado tanta perspectiva sobre lo que más me gusta de mis escritores favoritos y también me ha ayudado a bajarlos de sus pedestales.

2. El ritmo importa: Lee a tus autores favoritos en voz alta. Ahora lee tu propio trabajo. Es una experiencia profundamente humilde, pero te ayudará con algo que poca gente te dirá: el ritmo. Puede hacer que tu escritura sea hermosa de maneras que nunca imaginaste.

3. Escucha TSNTYAW: No puedo enfatizar esto lo suficiente. Este podcast está presentado por Bianca Marais, una autora publicada, y dos agentes literarios que revisan cartas de consulta. También entrevistan a autores famosos (Coco Mellors, Claire Lombardo, Freida McFadden y muchos otros). Me ha enseñado mucho sobre la industria, pero también sobre la escritura, mientras te guían a través de los procesos de cada uno de estos autores. Ayuda mucho a entender cómo este es un viaje tan diferente para cada uno de nosotros. También te ayuda a sentirte menos solo, lo cual es importante, porque escribir una novela completa es una maratón, no una carrera de velocidad.

4. Todo aquí: Ya está dicho.

5. Opinión impopular: Deja de esperar que tus amigos y familiares te lean. No solo he aprendido a no hacerlo, sino que también me estoy dando cuenta de que activamente no deberían hacerlo. Esto no significa que no deban apoyarte: al contrario; su apoyo va a ser esencial. Pero leerte no es el camino a seguir porque sus comentarios, al final, son inútiles.

6. Tensión, tensión, tensión: La tensión dramática es lo que mantiene esas páginas girando, punto. La tensión se puede crear de muchas maneras y formas diferentes, pero ir en contra de las expectativas que estableces para tu lector e incluso las de tu protagonista es una excelente manera de hacerlo. La tensión interpersonal entre los personajes es más fácil de lograr, pero más difícil de mantener.

7. El personaje es clave: Incluso si estás escribiendo sobre hombres lobo y extraterrestres, es el personaje, no el escenario y las palabras bonitas, lo que va a impulsar tu historia. Haz que tus personajes estén bien conociendo todo lo que puedas sobre ellos y esas páginas seguirán girando. Haz que tengan agudeza psicológica, que es una comprensión de cómo otros personajes los ven y qué significa eso para ellos.

8. Trama, fantasía y exposición: Este es un punto importante. Muchos otros simplemente hacen un info-dump y explican nombres y eso te saca completamente de la escritura y del momento. Este hilo es, según mi opinión, invaluable.

9. Sobre el diálogo: Chicos, esto es enorme. Solía odiar escribir diálogos y siempre he sido conocido por mis descripciones. Crafting Dynamic Dialogue de Writer's Digest Books ha cambiado eso. Cada capítulo es de un autor publicado diferente con un trasfondo diferente. Cada punto tiene ejemplos concretos también. No puedo recomendar más este libro. Algunas notas que he tomado incluyen:

A. Lo inesperado crea tensión dramática.

B. Los hablantes necesitan imponer su agenda en sus oyentes más que decir lo que tú, como autor, crees que necesitan decir. Su agenda será más importante que el tema de conversación.

C. El diálogo que es demasiado enfocado y directo se vuelve PREDECIBLE y por lo tanto ABURRIDO.

D. El diálogo puede ser divagante, pero no en un bloque de texto y no como un monólogo.

E. La acción durante el diálogo debe contribuir a la intención del hablante.

F. No preguntes qué necesita decir el personaje. Pregunta qué necesita lograr el personaje.

G. El diálogo puede y a menudo DEBE entrar en conflicto con los pensamientos indirectos del personaje.

H. No hay intercambios de información en el diálogo, solo confrontaciones.

I. El diálogo PUEDE Y DEBE estar influenciado por la clase social y la emocionalidad. ¿Qué siente el personaje? ¿Cómo está impactando eso en su verbosidad? Además, quién está en la habitación impactará el diálogo. No hablas de la misma manera con tu padre que con tu némesis.

J. Los personajes pueden y deben tener tics del lenguaje, de lo contrario, ¿qué los hace discernibles de los demás? Si no lo hacen, solo estás escribiendo un personaje. Con los tics del lenguaje también vendrán los tics de personalidad. Sin embargo, ten mucho cuidado con los clichés y los estereotipos.

K. El diálogo está impactado por la confianza en sí mismo. ""Damelo."" Se lee muy diferente de ""Me gustaría tener eso"".

MIENTRAS EDITAS:

Antes de empezar a desmenuzarte a ti mismo y a tu trabajo, ¡tómate un descanso y felicítate! Puede que no seas un autor publicado, pero escribiste un libro y eso te convierte en un autor, así que celebra y tómate el tiempo para descansar y, más importante aún, para leer. No puedes sacar agua de un pozo vacío. Editar es desalentador. Muchos pierden su motivación en este punto y se dan por vencidos. Una cosa que encuentro muy útil es concentrarme únicamente en las cosas que me gustan. Resalta palabras, oraciones, frases, pasajes y párrafos que realmente aprecias. Luego pega todo eso en un solo documento. Léelo todo junto, incluso si no funciona como una narrativa cohesiva. Empiezas a ver lo que más te gusta de tu escritura y por qué. Trabaja con este documento en su lugar. Es mucho menos desalentador y, según mi experiencia, más útil que simplemente mover cosas que ya has hecho y cortar tu trabajo. Busca un compañero de crítica. El compañero de crítica adecuado te cambiará la vida. Son increíblemente difíciles de encontrar, pero no te rindas. Es un cambio de juego.

Para cualquier cosa sobre la etapa de consulta y después, r/PubTips es el camino a seguir. Su pestaña de recursos es oro puro. Aquí hay otro recurso: Esta hoja de cálculo (versión alternativa aquí) sobre cuánto pagan las editoriales a los autores es increíble.

Espero que esto ayude :D. Mucha suerte.","This article provides a personal, curated collection of writing advice, heavily relying on external sources. It's structured as a helpful guide for aspiring authors, particularly those working on novels.

Here's a semantic SEO analysis:

---

### 1. Main Keywords, Semantic Clusters, and Related Terms

**Main Keywords (High Intent/Volume):**
*   Consejos de escritura (Writing tips)
*   Cómo escribir mejor (How to write better)
*   Guía para escritores (Guide for writers)
*   Escribir una novela (Writing a novel)
*   Proceso de escritura (Writing process)

**Semantic Clusters & Related Terms:**

*   **Pre-Writing/Planning:**
    *   *Keywords:* Motivación para escribir, historia de fondo (backstory), desarrollo de personajes (character development), Story Genius Lisa Cron, por qué escribir.
    *   *Related:* Trama de novela, estructura narrativa, planificación de novela.
*   **Writing Craft & Techniques:**
    *   *Keywords:* Ritmo en la escritura (pacing), tensión dramática (dramatic tension), creación de personajes, diálogo efectivo (effective dialogue), tics del lenguaje (language tics), subtrama (sub-plot - implied by ""tensión""), escritura descriptiva, copiar estilo de escritores.
    *   *Related:* Show don't tell, punto de vista (POV), voz del autor, estilo literario, construcción de escenas.
*   **Editing & Revision:**
    *   *Keywords:* Editar manuscrito (edit manuscript), revisión de novela, compañero de crítica (critique partner), descanso del escritor, cómo editar tu libro.
    *   *Related:* Beta readers, autoedición, reescritura, pulir manuscrito.
*   **Publishing & Industry:**
    *   *Keywords:* Agentes literarios (literary agents), cartas de consulta (query letters), r/PubTips, industria editorial, pago a autores, podcast de escritura (TSNTYAW).
    *   *Related:* Publicar una novela, marketing para autores, contratos editoriales, autopublicación vs. editorial.
*   **General Writing Concepts:**
    *   *Keywords:* Escritor, autor, manuscrito, narrativa, inspiración para escribir, superar el bloqueo del escritor (implied by ""viaje largo y solitario"").

---

### 2. Content Structure and Hierarchy

The article follows a clear, albeit simple, linear structure:

*   **Introduction:** Sets the tone, clarifies the source of tips (not original, but curated and tested), and invites discussion.
*   **ANTES DE EMPEZAR (Before You Start):** A single, important point about motivation and character backstory, with a specific book recommendation.
    *   *Function:* Acts as an H2-level heading.
*   **MIENTRAS ESCRIBES (While You Write):** The longest section, a numbered list of 9 distinct tips.
    *   *Function:* Acts as an H2-level heading.
    *   **Sub-points (1-9):** These function as H3-level topics, but are only formatted as bolded numbers. Each point is a paragraph or two.
    *   **""Sobre el diálogo"" (Point 9):** This sub-point itself contains a detailed alphabetical list (A-K) of specific dialogue advice. This is effectively a nested H4-level list.
*   **MIENTRAS EDITAS (While You Edit):** A section with several tips related to the editing process, including finding a critique partner and specific resources.
    *   *Function:* Acts as an H2-level heading.
*   **Resources/Conclusion:** Mentions r/PubTips and a spreadsheet for author payments, ending with a friendly closing.

**Strengths of Structure:**
*   **Logical Flow:** Progresses chronologically through the writing journey (pre-writing, writing, editing).
*   **Easy to Scan:** Use of bolding and numbered lists makes it digestible.
*   **Clear Sectioning:** Main headings are well-defined.

**Weaknesses of Structure:**
*   **Lack of Semantic HTML:** The numbered points under ""MIENTRAS ESCRIBES"" and the sub-points under ""Sobre el diálogo"" are not semantically marked with `<h3>` or `<h4>` tags. This makes it harder for search engines to fully understand the hierarchy and importance of each sub-topic.
*   **Uneven Depth:** Some points are very brief, while ""Sobre el diálogo"" is significantly more detailed.
*   **No Internal Linking:** No internal links to other potential articles or resources on the same site.

---

### 3. User Intent Addressed

The article primarily addresses **Informational Intent** and **Problem-Solving Intent** for aspiring and developing writers.

*   **Informational:**
    *   ""What are the best writing tips?""
    *   ""How can I improve my writing craft?""
    *   ""What resources are available for writers?""
    *   ""What's the process of writing a novel?""
    *   ""How does the publishing industry work?""
*   **Problem-Solving:**
    *   ""My dialogue is weak – how can I fix it?""
    *   ""I'm struggling with pacing/tension – what should I do?""
    *   ""How do I stay motivated during a long writing project?""
    *   ""Where can I get useful feedback on my manuscript?""
    *   ""How do I prepare for querying agents?""
    *   ""Should I let friends and family read my work?"" (Addresses a common dilemma)

The target audience is clearly someone actively engaged in or considering writing a novel, looking for practical, actionable advice and guidance.

---

### 4. Topical Authority Signals

*   **Direct Citations & External Resources:** This is the strongest signal. The article explicitly names and recommends specific books (Story Genius, Crafting Dynamic Dialogue), a podcast (TSNTYAW), and a subreddit (r/PubTips), all reputable sources within the writing community. This shows the author has researched and engaged with established authorities.
*   **Personal Experience & Vetting:** The author states, ""Son solo cosas que he visto y/o probado que me han ayudado,"" lending credibility and authenticity to the advice. It's not just theoretical; it's practically applied.
*   **Breadth of Coverage:** Touching upon pre-writing, actual writing, editing, and even a glimpse into the querying stage demonstrates a holistic understanding of the writer's journey.
*   **Specific, Actionable Advice:** Tips like ""copia durante 20 minutos,"" ""lee en voz alta,"" and the detailed dialogue points (A-K) are concrete and useful, indicating practical knowledge.
*   **Industry Knowledge:** Mentioning agents, query letters, and author payments through r/PubTips and the spreadsheet link shows awareness of the commercial side of writing.

---

### 5. Gaps or Weaknesses in Coverage

1.  **Lack of In-Depth ""How-To"" for Core Concepts:**
    *   Many points are introduced (e.g., tension, character, pacing) but not fully elaborated *within the article itself*. The reader is often directed to external resources for the ""how."" For example, ""La tensión se puede crear de muchas maneras y formas diferentes,"" but the article doesn't detail *how* to create them beyond one general suggestion.
    *   **Opportunity:** Expand on each tip with concrete examples, mini-exercises, or more detailed explanations.

2.  **Limited Original Examples:**
    *   The article relies heavily on external books for examples (especially for dialogue). There are very few in-text examples or snippets of prose to illustrate the points being made.
    *   **Opportunity:** Integrate short, illustrative examples for each tip to make the advice more tangible and easier to grasp.

3.  **Missing Key Writing Craft Topics:**
    *   **Show, Don't Tell:** A fundamental concept conspicuously absent.
    *   **Point of View (POV):** Not directly addressed, which is crucial for novel writing.
    *   **World-Building:** Briefly touched upon with ""hombres lobo y extraterrestres"" but not developed, especially important for genre fiction.
    *   **Narrative Arc/Story Structure:** Beyond ""trama,"" a deeper dive into story structure (e.g., three-act structure, hero's journey) would be beneficial.
    *   **Theme:** Not mentioned as a core element.
    *   **Setting & Description:** While ""palabras bonitas"" are dismissed as less important than character, specific advice on effective setting description is missing.
    *   **Writer's Block/Procrastination:** While ""viaje solitario"" implies challenges, direct advice on overcoming common writer hurdles is missing.
    *   **Revision Strategies:** Beyond ""concéntrate en lo que te gusta,"" more structured revision passes (e.g., plot pass, character pass, dialogue pass) could be covered.

4.  **SEO & Content Formatting:**
    *   **Lack of Semantic Headings (H3, H4):** As noted, the numbered list items and sub-points are not marked with proper HTML headings, which hurts SEO visibility for those specific topics.
    *   **No Internal Linking Strategy:** No links to other related content on the same domain (assuming this is part of a larger blog).
    *   **External Link Implementation:** Some external resources are mentioned but not hyperlinked (e.g., ""Este post sobre una interacción con un autor famoso"").
    *   **No Multimedia:** No images, infographics, or embedded videos to break up text, enhance understanding, or improve engagement.

5.  **Target Audience Specificity:**
    *   While it mentions ""novelas completas,"" the advice could be more tailored to specific genres (e.g., fantasy, romance, thriller) if that's the intended niche.

6.  **Call to Action/Engagement:**
    *   The intro invites discussion, but the article ends somewhat abruptly. A stronger, more direct call to action (e.g., asking readers to share their favorite tip, sign up for a newsletter, or explore related articles) could improve engagement.

---

By addressing these gaps and weaknesses, the new content can provide a more comprehensive, deeply explained, and SEO-optimized resource for aspiring novelists, significantly outranking the current article."
Escribir novela | Editorial Páginas de Espuma,https://paginasdeespuma.com/libro/escribir-novela-manual-para-novelistas/,"Tema y estructura. Conflicto y cambio. Narradores y personajes. Tiempo y ritmo. Espacio y ambientación. Diálogos y emociones. Planteamientos, desarrollos y clímax. Las estrategias para comenzar y terminar nuestras novelas.

Estos son solo algunos de los temas que componen este manual, confeccionado por los profesores de Escuela de Escritores (y acorde al temario de sus cursos oficiales), cuyo objetivo es que cada uno de sus lectores encuentre su propio método y tenga a su alcance toda una enorme caja de herramientas dispuestas para abordar la exigente, inexplicable y maravillosa actividad que supone escribir una novela.

Este libro está pensado por quienes creemos que siempre existe una solución técnica para contar una historia.","This article snippet (which functions as a table of contents and introduction for a manual) provides a strong foundation for understanding its semantic landscape.

Here's an analysis focused on semantic SEO optimization:

---

## Semantic SEO Analysis: ""Manual de Escritura de Novelas""

**Core Topic:** How to write a novel (Cómo escribir una novela)

### 1. Main Keywords, Semantic Clusters, and Related Terms

The article clearly outlines a comprehensive set of topics crucial for novel writing.

*   **Primary Keywords (High-Volume, Broad):**
    *   Escribir una novela (Write a novel)
    *   Manual de escritura (Writing manual)
    *   Técnicas para escribir novelas (Novel writing techniques)
    *   Cómo escribir una historia (How to write a story)

*   **Semantic Clusters & Related Terms (Long-Tail, Specific):**

    1.  **Narrative Elements & Core Concepts:**
        *   **Cluster:** *Elementos Fundamentales de la Novela*
        *   **Keywords:** Tema de novela, Conflicto en novela, Cambio de personaje, Narradores de novela, Tipos de personajes, Desarrollo de personajes.
        *   **Related:** Ideas para novelas, Trama de novela, Arcos de personaje, Voz narrativa.

    2.  **Structure & Plotting:**
        *   **Cluster:** *Estructura y Trama de Novela*
        *   **Keywords:** Estructura de novela, Planteamiento de novela, Desarrollo de la trama, Clímax de novela, Estrategias para empezar una novela, Estrategias para terminar una novela, Final de novela.
        *   **Related:** Arco dramático, Puntos de giro, Sinopsis de novela, Esquema de novela, Beat sheet.

    3.  **Setting & Pacing:**
        *   **Cluster:** *Ambientación y Ritmo Narrativo*
        *   **Keywords:** Tiempo en novela, Ritmo narrativo, Espacio en novela, Ambientación de novela, Crear atmósfera.
        *   **Related:** Escenarios de novela, Worldbuilding (construcción de mundos), Pacing literario.

    4.  **Dialogue & Emotion:**
        *   **Cluster:** *Diálogos y Emoción en la Ficción*
        *   **Keywords:** Diálogos en novela, Emociones en personajes, Cómo mostrar emociones, Escribir diálogos realistas.
        *   **Related:** Subtexto, Conflicto en diálogo, Tensión narrativa.

    5.  **Craft & Methodology:**
        *   **Cluster:** *Metodología de Escritura Creativa*
        *   **Keywords:** Método para escribir, Caja de herramientas de escritor, Soluciones técnicas para escribir, Aprender a escribir ficción.
        *   **Related:** Proceso de escritura, Disciplina de escritura, Superar el bloqueo del escritor.

### 2. Content Structure and Hierarchy

The article snippet presents a clear, albeit flat, list of crucial topics, implying a structured, chapter-based approach.

*   **Implicit Hierarchy:**
    *   **Foundational Concepts:** Tema, Estructura, Conflicto y Cambio. (Broad, high-level elements)
    *   **Core Components:** Narradores y Personajes. (Key agents of the story)
    *   **Sensory & Pacing Elements:** Tiempo y Ritmo, Espacio y Ambientación. (How the story unfolds and feels)
    *   **Direct Interaction & Impact:** Diálogos y Emociones. (The immediate reader experience)
    *   **Plot Progression:** Planteamientos, Desarrollos y Clímax. (The journey of the story arc)
    *   **Practical Application:** Estrategias para comenzar y terminar nuestras novelas. (Actionable advice for specific stages)
*   **Logical Flow:** Moves from abstract concepts to concrete elements, then to the narrative arc, and finally to practical application points.
*   **Comprehensive Scope:** Aims to cover the essential ""tool-kit"" for novel writing, suggesting a modular approach where each topic could be a chapter or a significant section.

### 3. User Intent Addressed

The manual directly targets several user intents:

*   **Informational/Learning (Primary):** Users seeking to understand *how* to write a novel, the fundamental elements, techniques, and processes involved. They want knowledge and guidance.
*   **Problem-Solving/How-To:** Users are looking for ""soluciones técnicas"" to common writing challenges (e.g., how to start, how to structure, how to create compelling characters/dialogues). They need actionable strategies and tools.
*   **Methodological/Procedural:** Users want a systematic approach, a ""método,"" to tackle the complex task of novel writing, especially those feeling overwhelmed or stuck.
*   **Inspiration/Empowerment:** The promise of ""encontrar su propio método"" and an ""enorme caja de herramientas"" addresses the desire to feel capable and equipped to undertake the ""exigente, inexplicable y maravillosa actividad.""

### 4. Topical Authority Signals

This article snippet exhibits strong topical authority signals:

*   **Expert Authorship:** ""confeccionado por los profesores de Escuela de Escritores."" This is a powerful signal. The content comes from recognized experts in the field of creative writing.
*   **Institutional Backing:** ""acorde al temario de sus cursos oficiales."" This indicates the content is aligned with established, professional curriculum, lending credibility and depth.
*   **Comprehensive Coverage:** The extensive list of topics demonstrates a thorough understanding of the subject matter, suggesting the content will be in-depth rather than superficial.
*   **Philosophical Stance:** ""creemos que siempre existe una solución técnica para contar una historia."" This establishes a practical, problem-solving, and methodical approach, which builds trust with users seeking concrete guidance.
*   **Clear Objective:** ""que cada uno de sus lectores encuentre su propio método y tenga a su alcance toda una enorme caja de herramientas."" This shows an understanding of the learner's journey and a commitment to providing practical, adaptable solutions.

### 5. Gaps or Weaknesses in Coverage (for outranking)

While comprehensive, the snippet reveals potential areas for deeper semantic exploration to create superior, outranking content:

*   **Lack of Specificity on Advanced Craft:**
    *   **Show, Don't Tell:** A fundamental principle often overlooked.
    *   **Sensory Details/Imagery:** How to engage all five senses.
    *   **Figurative Language:** Metaphors, similes, symbolism, motifs.
    *   **Voice & Style:** Developing a unique authorial voice, prose style, sentence structure variations.
    *   **Point of View (POV) Nuances:** Beyond ""Narradores"" – deep POV, unreliable narrator, switching POVs.
*   **Absence of Genre-Specific Considerations:** The manual is generic. Superior content could include sections on how these elements apply differently across genres (e.g., worldbuilding for fantasy/sci-fi, suspense for thrillers, character depth for literary fiction).
*   **Pre-Writing & Post-Writing Phases:**
    *   **Idea Generation/Brainstorming:** Beyond ""Tema.""
    *   **Research:** How to conduct and integrate research effectively.
    *   **Revision & Editing:** Crucial stages often neglected in ""how-to-write"" manuals. Self-editing techniques, working with editors.
    *   **Feedback & Critique:** How to give and receive constructive criticism.
*   **Character Depth & Arc:** While ""Personajes"" is mentioned, deeper dives into character motivation, internal/external conflict, character arcs, and secondary characters could be beneficial.
*   **Subplots & Themes (Deeper Dive):** How to weave secondary plots and complex themes effectively throughout the narrative.
*   **Practical Tools & Exercises:** While it mentions a ""caja de herramientas,"" the snippet doesn't explicitly mention exercises, prompts, or templates that could aid the learning process.
*   **Author Mindset/Productivity:** Overcoming writer's block, establishing a writing routine, managing time, maintaining motivation.

By addressing these gaps with dedicated sections, specific examples, and actionable advice, new content can provide a more exhaustive, nuanced, and practically applicable guide, thereby outranking this article's foundational coverage."
Cómo escribir una novela paso a paso y de forma divertida | Literautas,https://www.literautas.com/es/blog/como-escribir-una-novela-paso-a-paso-y-de-forma-divertida/,"Te presentamos la nueva propuesta de Literautas para el año 2017: un completo tutorial para escribir una novela paso a paso, como si de un juego se tratase. ¿Te apuntas?

Olvídate de las ideas preconcebidas respecto a la escritura de novelas y disfruta de cada paso de la escritura como si de un juego se tratase gracias al este completo tutorial:

También puedes echarle un vistazo al libro Cómo escribir una novela, que desarrollamos a partir de este tutorial: todo lo que necesitas para planificar y construir tu historia desde la búsqueda de la idea hasta el primer borrador, con ejemplos y ejercicios para que descubras de forma fácil y divertida cómo dar forma a tus manuscritos.

Mucho ánimo, y ¡a por todas con esa novela!","This article serves as a brief announcement for a tutorial and related book. While it effectively introduces a resource, its standalone SEO value is limited due to its brevity and age.

Here's a semantic SEO analysis:

---

## Semantic SEO Analysis of the Literautas Article

**1. Main Keywords, Semantic Clusters, and Related Terms**

*   **Core Keyword:** `escribir una novela` (write a novel)
*   **Primary Long-Tail Keywords:**
    *   `tutorial para escribir una novela` (tutorial for writing a novel)
    *   `escribir una novela paso a paso` (write a novel step by step)
    *   `cómo escribir una novela` (how to write a novel)
*   **Semantic Cluster 1: Novel Writing Process & Methodology**
    *   `paso a paso` (step by step)
    *   `planificar y construir tu historia` (plan and build your story)
    *   `búsqueda de la idea` (idea generation/finding an idea)
    *   `primer borrador` (first draft)
    *   `dar forma a tus manuscritos` (shape your manuscripts)
    *   `ejercicios` (exercises)
    *   `tutorial`
*   **Semantic Cluster 2: Engagement, Tone & Benefits**
    *   `como si de un juego se tratase` (like a game)
    *   `fácil y divertida` (easy and fun)
    *   `disfruta de cada paso` (enjoy each step)
    *   `ideas preconcebidas` (preconceived ideas - implying overcoming writer's block/fear)
*   **Related Entities/Concepts:**
    *   `Literautas` (brand name)
    *   `libro Cómo escribir una novela` (book ""How to Write a Novel"")
    *   `escritura de novelas` (novel writing - broader term)
    *   `manuscritos` (manuscripts)
    *   `historia` (story)

**2. Content Structure and Hierarchy**

The article has a very flat and minimal structure, typical of an announcement or promotional blurb.

*   **Implied H1/Title:** An announcement of Literautas' new proposal (e.g., ""Te presentamos la nueva propuesta de Literautas para el año 2017..."")
*   **Introduction:** Introduces the core offering (tutorial for writing a novel, game-like approach).
*   **Value Proposition/USP:** Reiteration of the ""game"" aspect and addressing a common pain point (preconceived ideas about writing).
*   **Call to Action/Resource Reference:** Direct mention of ""este completo tutorial"" (this complete tutorial).
*   **Related Product Upsell:** Introduction of a related book, detailing its comprehensive scope (idea generation to first draft, with examples and exercises).
*   **Closing:** Motivational encouragement.

**3. User Intent Addressed**

*   **Informational/How-to:** Users looking for a structured guide or method on ""how to write a novel"" or ""steps to writing a novel.""
*   **Problem-solving:** Users who find novel writing daunting, difficult, or overwhelming and are seeking an easier, more enjoyable, or structured approach.
*   **Commercial Investigation (soft):** Users researching resources for novel writing, potentially leading to engagement with the tutorial or purchase of the book.
*   **Navigational (Literautas-specific):** Users familiar with Literautas looking for new content or offerings from the brand.
*   **Learning/Skill Development:** Individuals seeking to acquire or improve their novel writing skills.

**4. Topical Authority Signals**

*   **Brand Association:** `Literautas` is implied as a reputable source for writing education, suggesting expertise in the field.
*   **Comprehensive Scope Claim:** The description of the book (""desde la búsqueda de la idea hasta el primer borrador, con ejemplos y ejercicios"") signals a thorough and well-developed resource covering the entire novel writing process.
*   **Structured Methodology:** The phrase `paso a paso` (step by step) indicates a clear, organized, and expert-designed approach.
*   **Specific Resource Mention:** The existence of a ""completo tutorial"" and a dedicated ""libro Cómo escribir una novela"" suggests a significant investment in creating authoritative content on the topic.

*Weakness in this specific snippet:* The snippet itself doesn't *demonstrate* authority through deep insights or examples; it *claims* to offer an authoritative resource.

**5. Gaps or Weaknesses in Coverage**

1.  **Dated Content:** The explicit mention of ""año 2017"" immediately signals outdated information, which is a major SEO deterrent and trust signal.
2.  **Lack of Depth/Thin Content:** As a brief announcement, it provides minimal standalone value. It doesn't offer *any* actual steps, tips, or insights into novel writing itself.
3.  **No Direct Hyperlinks:** While it refers to a tutorial and a book, the provided text snippet lacks actual hyperlinks, making it difficult for users (and crawlers) to access the resource directly.
4.  **Limited Semantic Expansion:** While key terms are used, there's no elaboration. For example, it mentions ""like a game,"" but doesn't explain *how* the gamification works or what specific ""games"" are involved.
5.  **No User Engagement Elements:** Lacks common SEO elements like FAQs, bulleted lists, subheadings, or internal links to related sub-topics within novel writing (e.g., character development, plot structure, world-building, dialogue).
6.  **No Demonstrative Authority:** The article tells the user *that* Literautas has a tutorial, but it doesn't *show* Literautas' expertise within the snippet itself (e.g., a quick tip, an interesting fact, an author's bio).
7.  **No Visuals:** As a text snippet, it naturally lacks images or videos, which are crucial for engaging users and breaking down complex topics.
8.  **No Social Proof/Testimonials:** Doesn't include any feedback or success stories to validate the ""easy and fun"" claims.
9.  **No Schema Markup (Assumed):** Unlikely to have HowTo, Course, or Product schema, which would enhance search visibility.

---

This analysis highlights that while the article successfully *introduces* a relevant topic and resource, its brevity and age severely limit its capacity to rank well or provide significant user value on its own. Superior content would need to address these gaps by providing comprehensive, up-to-date, and deeply semantically rich information."
ᐈ Cómo empezar a escribir una novela,https://www.letraminuscula.com/como-empezar-a-escribir-una-novela/,"La novela es uno de los géneros preferidos por el público de hoy. Empezar a escribir tu novela te abre las puertas a una gran oportunidad de éxito editorial.

Sin embargo, existen muchísimos autores que aún no logran comenzar a escribir su novela soñada. Algunos escritores se pasan horas y horas durante meses pensando en la trama, en los personajes, en la ambientación de la historia… y, cuando se sientan frente al ordenador, les sobreviene el bloqueo.

Quizás te sientas identificado con esta situación, o tal vez no consigas darle un buen comienzo a tu novela por otras razones. En este artículo queremos ayudarte a empezar tu novela de manera práctica.

Continúa leyendo y aprenderás a enfocarte para empezar a escribir una novela genial.

¿Cómo se puede empezar a escribir una novela?

Comenzar la escritura de una novela es uno de esos casos típicos en los que «cada autor es un mundo». Hay escritores que empiezan a escribir su novela nada más sentarse y van avanzando poco a poco hasta terminar de escribir en unos meses. Son los llamados «escritores de brújula».

También existen autores que planean de manera meticulosa cada detalle del argumento, del trasfondo de los personajes y del tono de la narración antes de escribir la primera letra, y después siguen su plan. Se los denomina «escritores de mapa».

Como maneras de comenzar a escribir una novela, ambas son válidas.

¿Cómo empezar el primer capítulo de una novela?

El comienzo de una novela puede tener muchas formas narrativas. Algunos autores comienzan con un diálogo in medias res, es decir, en mitad del asunto, como cuando entramos al cine con la película ya comenzada.

También hay escritores que empiezan su novela con un relato en orden cronológico, introduciendo al personaje principal desde el comienzo, para después avanzar hacia el conflicto central.

Estas dos formas de comenzar a escribir una novela son productivas, siempre y cuando respetes la regla de oro para empezar a escribir novelas.

Esa regla es la siguiente: debes enganchar al lector cuanto antes.

¿Cómo comenzar a escribir mi novela?

Las primeras líneas de tu novela son una de las claves para determinar si la obra tendrá éxito o no. En otras palabras, las oraciones y párrafos iniciales de la narración deben ser atractivos, deben contar algo interesante y, además, tienen que ser fáciles de leer.

Comenzar una novela con oraciones cortas sin frases subordinadas y usar lenguaje sencillo para narrar hechos impactantes son estrategias que han probado su eficacia en multitud de casos.

Pasos para empezar a escribir una novela

Ahora te contamos cuáles son los pasos que debes seguir para empezar a escribir una novela de forma metódica.

Esto te servirá para administrar con eficacia el tiempo que tengas disponible, sobre todo si dispones de pocos momentos libres para escribir tu novela.

#1. Ideas para empezar una novela

No tiene mucho sentido sentarte frente al ordenador sin ninguna idea en mente. ¿Cuál es el tema de tu novela? ¿Por qué quieres empezar a escribirla? ¿Escribes por simple moda o de verdad tienes un mensaje para transmitir a tus lectores?

Hazte estas preguntas y respóndelas con sinceridad, nadie puede saber las respuestas mejor que tú.

Escribir una novela de principio a fin es un proceso largo y complicado. Sin ideas claras no llegarás lejos.

¿Necesitas inspiración para escribir tu novela? Busca estímulos tales como otras novelas u obras de otros géneros, poemas, obras de teatro, libros de no ficción.

También puedes inspirarte en series de televisión, en películas y hasta en los periódicos de tu ciudad.

#2. Definir el protagonista de tu novela

En la literatura, las grandes ideas son encarnadas por grandes personajes. Como personaje, el Quijote es inseparable de su mundo literario, las ideas que contiene el libro no causan el mismo efecto aisladas de su protagonista.

Recuerda que un solo personaje no suele ser suficiente, salvo que estés escribiendo un monólogo.

Necesitas varios personajes con relaciones claras entre sí: pueden ser aliados o adversarios del protagonista, pueden ser sus familiares, sus compañeros de trabajo o lo que tú creas conveniente, pero tu novela debe incluirlos.

#3. Crear argumento para novela

La trama de tu novela es el desarrollo de la idea principal mediante acciones, cambios de estado que experimentan los personajes.

Los cambios pueden ser abruptos, por ejemplo, pasar de la pobreza a la riqueza, de la paz a la guerra o del amor a la indiferencia.

También pueden ser cambios más sutiles y llenos de matices. Imagina, por ejemplo, una pareja que se separa, pero debe seguir conviviendo en un mismo piso por alguna razón.

Es importante tener una idea general de la trama antes de empezar a escribir, aunque no tengas definido el desenlace de manera concreta o te falten detalles del desarrollo.

Cómo escribir los primeros párrafos de una novela

Escribir buenos primeros párrafos podría aumentar el número de ventas de tu libro. Esto no quiere decir que solo vas a escribir un buen comienzo y el resto del texto será un desastre.

No es necesario escribir los primeros párrafos de una novela el primer día. De hecho, muchos autores dejan esta parte reservada para el final del proceso, como guinda del postre.

#1. Empezar una novela en punta

Tu libro compite con la televisión, las redes sociales y las obligaciones cotidianas que se llevan gran parte de nuestro tiempo. Estos y otros estímulos pueden distraernos con mucha facilidad.

Si comienzas la narración de tu novela con un acontecimiento impactante, te aseguras una base de lectores que no podrán resistir la tentación de leer un poco más.

El hecho en cuestión puede ser el que tú quieras, siempre y cuando llame la atención de tu público objetivo.

#2. No adelantar la trama

Una gran tentación de muchos autores es revelar detalles de lo que vendrá más adelante, aun sin necesidad de hacerlo.

¡Por favor, no lo hagas! Cada parte de la trama tiene su lugar en el relato. Adelantar lo que pasará es una excelente manera de hacer que tus lectores pierdan el interés en la novela, algo que ningún autor desea.

#3. Escribir frases cortas y con gancho

Nadie quiere leer párrafos interminables donde la vista se pierde entre comas, paréntesis y otros signos de puntuación que extienden más y más las oraciones.

¿La mejor forma de empezar a escribir una novela?

La mejor manera de comenzar a escribir una novela no es única, cada autor es un mundo y no hay una mejor edad para escribir un libro. Existen muchísimas estrategias para encarar el comienzo de una narración larga, y nadie puede decir que tiene la última palabra sobre este tema.

Con todo, es posible señalar una serie de puntos fundamentales que te ayudarán muchísimo a comenzar la escritura de tu novela. Son los siguientes.

#1. Lo más importante es la planificación

Lo primero al comenzar a escribir una novela es la planificación, es decir, todo el trabajo previo a la escritura en sí misma.

No se puede escribir una novela de calidad sin un buen plan. Hasta los escritores ganadores del Nobel planifican (y mucho) antes de escribir una sola línea.

#2. Tipo de narrador

Elegir el tipo de narrador es una de las decisiones principales al comenzar una novela. ¿Será un narrador en primera o tercera persona? ¿Será un narrador testigo u omnisciente?

Cualquiera sea tu decisión, respétala a lo largo de toda la obra.

#3. Los personajes

Los personajes son el motor de tu novela. Antes de comenzar a escribir debes plantear la biografía de cada personaje, aunque no vayas a incluirla en el texto final. Usar fichas puede ayudarte muchísimo en este importante paso.

#4. Redactar tu argumento y mostrarlo a otras personas

Antes de escribir el texto de la novela en sí misma, redacta el argumento en dos, tres o cinco páginas. A mayor brevedad, más organizadas estarán tus ideas.

Muéstrale ese argumento a una persona de tu máxima confianza: un amigo, un familiar cercano, un profesor. Una opinión externa sobre lo que escribiste puede ayudarte a ver incoherencias o cabos sueltos.

#5. Solicitar informe de lectura profesional

Este paso es opcional, aunque agrega un valor increíble a tu obra. El informe de lectura es un diagnóstico personalizado sobre tu libro. Te daremos una opinión objetiva sobre el aspecto literario y el potencial de ventas de tu novela.

#6. Ambientación y documentación previa de una novela

No subestimes este paso. Si vas a escribir una novela sobre la Segunda Guerra Mundial, te convendría saber qué tecnologías militares estaban disponibles en la época, por ejemplo.

#7. Olvida los argumentos típicos

Intenta escribir una novela original, no repitas una vez más la típica historia romántica, o la historia de ciencia ficción más trillada del mundo. Aporta tu sello distintivo, dales a tus lectores algo original, algo nuevo.

#8. Enfocarse para empezar a escribir una novela

Escribir una novela a la vez es más que suficiente. Si tratas de enfocarte en dos, no podrás empezar ni terminar ninguna. Concéntrate en lo que estás escribiendo, empápate de tu historia.

#9. Hacer un plan antes de empezar a escribir una novela

Quizás el consejo más importante para comenzar la escritura de una novela es planificarlo todo. Esto no quiere decir que te obsesiones con detalles innecesarios, es algo más práctico: decide cuántas horas al día vas a dedicarle a tu novela. Establece un número de páginas, de caracteres o de palabras que escribirás cada semana.

Con un plan de estas características te resultará fácil calcular qué día terminarás de escribir tu novela.

Cómo empezar a escribir una novela que enamore a tus lectores

#1. ¿Cómo empezar a escribir una novela corta?

Las estrategias que te damos para escribir una novela larga también se aplican a novelas cortas. Además, en una novela corta debes ir al grano más rápido.

#2. Cómo escribir una novela basada en hechos reales

Si quieres evitar problemas, oculta los nombres verdaderos tras nombres ficticios.

También puedes crear un personaje basado en dos o más personas reales, y siempre conviene dramatizar un poco los hechos, ayudar a la historia real a causar más impacto.

#3. Trucos para empezar a escribir una novela

El truco más eficaz es la planificación. Con una buena agenda de trabajo serás capaz de conocer cuándo vas a terminar de escribir y qué ritmo de escritura vienes llevando.

¿Empezaste a escribir tu novela y no puedes avanzar? ¿Qué consejos les darías a tus colegas para comenzar a escribir una novela?

¡Déjanos un comentario aquí abajo!","This article provides a foundational guide for aspiring novelists struggling with the initial steps of their writing journey. It covers common hurdles and offers a structured approach.

Here's a semantic SEO analysis:

---

### 1. Main Keywords, Semantic Clusters, and Related Terms

**Core Keyword Cluster (High Intent):**
*   `empezar a escribir una novela` (how to start writing a novel)
*   `comenzar a escribir una novela` (to begin writing a novel)
*   `escribir tu novela` (write your novel)

**Semantic Clusters & Related Terms:**

*   **Novel Writing Process:**
    *   `trama` (plot), `personajes` (characters), `ambientación` (setting), `argumento` (storyline)
    *   `planificación` (planning), `ideas para empezar una novela` (ideas for starting a novel)
    *   `primer capítulo de una novela` (first chapter of a novel)
    *   `primeros párrafos de una novela` (first paragraphs of a novel)
    *   `bloqueo` (writer's block)
    *   `narrador` (narrator), `tipo de narrador` (type of narrator)
    *   `regla de oro para empezar a escribir novelas` (golden rule for starting novels - i.e., hook the reader)
    *   `gancho` (hook)
    *   `frases cortas` (short sentences)
    *   `desarrollo de la idea principal` (development of the main idea)

*   **Author Types & Approaches:**
    *   `escritores de brújula` (pantsers - discovery writers)
    *   `escritores de mapa` (plotters - planners)

*   **Motivation & Challenges:**
    *   `éxito editorial` (publishing success)
    *   `inspiración para escribir tu novela` (inspiration for writing your novel)
    *   `administrar el tiempo` (time management)
    *   `perder el interés` (lose interest - referring to readers)

*   **Literary Concepts:**
    *   `diálogo in medias res` (dialogue in medias res)
    *   `relato en orden cronológico` (chronological narrative)
    *   `conflicto central` (central conflict)

---

### 2. Content Structure and Hierarchy

The article follows a logical question-and-answer structure, guiding the reader through various aspects of starting a novel.

*   **Introduction:**
    *   Hooks the reader by acknowledging the popularity of novels and the opportunity for success.
    *   Identifies the problem: many authors struggle to start (writer's block, lack of direction).
    *   States the article's purpose: to help practically start a novel.

*   **H2: ¿Cómo se puede empezar a escribir una novela?**
    *   Discusses different author approaches: ""escritores de brújula"" (pantsers) vs. ""escritores de mapa"" (plotters).
    *   Validates both methods.

*   **H2: ¿Cómo empezar el primer capítulo de una novela?**
    *   Explores narrative forms for beginnings (in medias res, chronological).
    *   Introduces the ""golden rule"": hook the reader quickly.

*   **H2: ¿Cómo comenzar a escribir mi novela?**
    *   Emphasizes the importance of first lines (attractive, interesting, easy to read).
    *   Suggests strategies: short sentences, simple language, impactful events.

*   **H2: Pasos para empezar a escribir una novela** (Methodical steps)
    *   **#1. Ideas para empezar una novela:** Importance of clarity, self-reflection questions, sources of inspiration.
    *   **#2. Definir el protagonista de tu novela:** Importance of strong characters, multiple characters, relationships.
    *   **#3. Crear argumento para novela:** Defining plot as development of ideas through character changes, general plot idea importance.

*   **H2: Cómo escribir los primeros párrafos de una novela** (Refining the beginning)
    *   **#1. Empezar una novela en punta:** Impactful opening to combat distractions.
    *   **#2. No adelantar la trama:** Avoid spoilers to maintain reader interest.
    *   **#3. Escribir frases cortas y con gancho:** Readability and engagement.

*   **H2: ¿La mejor forma de empezar a escribir una novela?** (Summary/Key Takeaways)
    *   Reiterates that there's no single ""best way.""
    *   **#1. Lo más importante es la planificación:** Underscores planning as crucial.
    *   **#2. Tipo de narrador:** Importance of choosing a consistent narrator.
    *   **#3. Los personajes:** Re-emphasizes character development, using character sheets.
    *   **#4. Redactar tu argumento y mostrarlo a otras personas:** Benefits of concise plot summaries and external feedback.

---

### 3. User Intent Addressed

*   **Informational (High):** Users are seeking practical knowledge, methods, and advice on how to initiate the novel writing process. They want to understand the steps involved and best practices.
*   **Problem-Solving (High):** The article directly addresses common pain points like writer's block, uncertainty about where to begin, and how to craft an engaging opening. Users are looking for solutions to overcome these initial hurdles.
*   **Inspirational/Motivational (Medium):** The introduction promises ""gran oportunidad de éxito editorial"" and encourages readers to overcome their struggles, offering a path to ""escribir una novela genial.""
*   **Procedural (High):** The ""Pasos para empezar a escribir una novela"" section explicitly caters to users looking for a step-by-step guide.

---

### 4. Topical Authority Signals

*   **Comprehensive Coverage (within its scope):** Addresses key initial elements: ideation, character, plot, opening strategies, and overall planning.
*   **Use of Industry Terminology:** Employs terms like ""escritores de brújula/mapa,"" ""in medias res,"" ""conflicto central,"" ""gancho,"" which signal expertise.
*   **Practical & Actionable Advice:** Offers direct instructions and tips (e.g., ""Hazte estas preguntas,"" ""Usa fichas,"" ""No adelantar la trama"").
*   **Acknowledges Nuance:** States that ""cada autor es un mundo"" and there isn't one ""best way,"" showing a realistic understanding of the creative process.
*   **Illustrative Examples:** Mentions Don Quijote to emphasize character importance.
*   **Appeals to Best Practices:** Refers to a ""regla de oro"" for hooking the reader, implying established wisdom.
*   **Mentions ""Escritores ganadores del Nobel"":** Implies that even top authors follow these principles.

---

### 5. Gaps or Weaknesses in Coverage

1.  **Lack of Specificity and Concrete Examples:**
    *   While it advises on ""ideas,"" ""characters,"" and ""plot,"" it provides very high-level guidance. A superior article would offer mini-exercises, detailed frameworks (e.g., character archetypes, plot structures like the 3-act structure or hero's journey), or examples of effective opening lines/paragraphs (and perhaps less effective ones).
    *   ""Buscar estímulos"" is vague; more actionable techniques for idea generation are needed (e.g., brainstorming techniques, prompts, observation exercises).

2.  **Insufficient Depth on Core Elements:**
    *   Each ""step"" (ideas, character, plot) is quite brief. A more authoritative article would delve deeper into:
        *   **Character Development:** Arcs, motivations, flaws, backstories, relationships beyond ""aliados o adversarios.""
        *   **Plotting:** Different plotting methods (Snowflake, beatsheets), conflict types, pacing.
        *   **Setting/World-building:** Mentioned briefly but not explored as a crucial element from the start.

3.  **Limited Strategies for Overcoming Writer's Block:**
    *   Acknowledges ""bloqueo"" but offers ""planificación"" as the primary solution. More diverse strategies are needed, such as setting routines, freewriting, changing environment, writing prompts, or psychological approaches to managing creative anxiety.

4.  **Neglects Niche/Genre Considerations:**
    *   The advice is generic. Different genres (fantasy, thriller, romance, literary fiction) often have distinct opening conventions and reader expectations. This isn't addressed.

5.  **Absence of Tools and Resources:**
    *   No mention of writing software (Scrivener, Notion, etc.), outlining tools, online communities, workshops, or recommended books/courses for further learning.

6.  **Writing Mechanics Beyond ""Short Sentences"":**
    *   While ""frases cortas"" is good advice, it could expand on other elements of compelling prose for beginners: voice, showing vs. telling, sensory details, pacing within paragraphs.

7.  **Emotional and Psychological Aspects of Writing:**
    *   Beyond ""bloqueo,"" it doesn't touch on managing self-doubt, maintaining motivation over a long project, dealing with criticism, or the emotional resilience required.

8.  **Weak Call to Action/Next Steps:**
    *   The article ends abruptly after the last point. There's no clear call to action, summary of key takeaways, or suggestion for what the reader should do immediately after reading.

9.  **Potential for Repetition:**
    *   Some points, like the importance of ""personajes"" and ""planificación,"" are reiterated in different sections. While emphasis is good, it could be structured more efficiently to avoid redundancy and allow for deeper exploration in one consolidated place.

10. **Engagement and Readability Enhancements:**
    *   No mention of internal links to other related content (if available), external links to authoritative sources, or use of multimedia (images, infographics, videos) which could break up text and enhance understanding. The text is quite dense."
Cómo configurar Word para escribir nuestra novela - Abril Camino,https://abrilcamino.com/como-configurar-word-para-escribir-nuestra-novela/,"Hay una fase de la escritura de toda novela que nos pone los pelos como escarpias a todos los que tenemos un poco de experiencia: la corrección. Os lo digo yo, que soy autora pero también correctora, así que puedo dar mi visión desde los dos lados de la trinchera. Y si hay un principio que tengo muy claro, tanto como autora como en mis funciones como correctora es que «No es más limpio el que más limpia sino el que menos ensucia». Por supuesto, la corrección se compone de muchísimos factores, pero… hoy vamos a empezar por el principio.

Si vamos a tener un compañero inseparable desde el comienzo de nuestra aventura literaria, ese es, sin ninguna duda, el procesador de textos. En mi caso, utilizo Microsoft Word y creo que tengo dominados todos los trucos. Así que os voy a hablar de cómo configurar el documento que se convertirá en ese proyecto al que dedicaremos toda nuestra energía.

Un documento en blanco. El origen de toda la aventura.

Yo siempre parto de un documento principal, que es el que, después de las correcciones, será el manuscrito definitivo de la novela. Es decir, el que enviaréis a editoriales (si os decidís por la edición tradicional) o el que servirá de base para la maquetación (si decidís autopublicaros). Cuando escribí mi primera novela, no tenía ni idea de los criterios formales que debía seguir (ni de casi ninguna otra cosa, la verdad). Así que, cuando acabé de escribirla, me tocó un proceso de corrección eterno, además de un montón de cambios en la configuración del documento de texto, que me habría ahorrado si me hubiera molestado en buscar algo de información previa. En todo lo que he escrito desde entonces, el primer paso ha sido configurar el documento desde el principio, para no volverme loca luego.

¿Y cuáles son esas configuraciones? Pues las siguientes:

Interlineado doble : ¿por qué? Para empezar, porque agobia menos. Un borrador con interlineado sencillo os pone delante de la cara un montón de líneas que angustian un poco. Hay más motivos: en alguna de las fases del proceso de corrección, tendremos que corregir sobre papel; es decir, imprimir el borrador y tirar de boli rojo. Y el espacio entre líneas será el lugar donde realizar las mil anotaciones que os vendrán a la cabeza. Sí, sí, mil… tirando por bajo; si en cada proceso de corrección no os apetece corregir mil cosas es que estáis haciendo algo mal. Y, por último, porque el interlineado doble es un requisito habitual para presentar el manuscrito a editoriales, concursos literarios o, simplemente, a un corrector profesional. Ya que vamos a tener que hacerlo, mejor que sea desde el principio.

Si controláis mínimamente el procesador de textos (y, si no es el caso, mejor que os vayáis poniendo las pilas), sabréis que el interlineado no es lo mismo que la distancia entre párrafos (ambas cosas las encontraréis en el menú «Párrafo»). La distancia entre párrafos en el borrador debe ser cero. Ni espaciado anterior ni posterior. Esto nos sirve tanto para el documento principal como para las posteriores maquetaciones, así que —dado que, por defecto, suele venir activado— corred a eliminarlo.

Sangría de primera línea : su función básica es tener claro dónde empieza un párrafo, lo cual a veces puede ser confuso al haber eliminado el espaciado entre párrafos. Y, además, será otro de esos requisitos imprescindibles a la hora de enviar el manuscrito a editoriales o concursos. La que viene por defecto en el Word (1,25 cm en el mayoría de los casos) es perfecta para el documento principal. Aunque, si queréis ahorraros el paso de retocarla luego en la maquetación, podéis optar por una menor (alrededor de 0,7 o 0,8, por ejemplo).

Texto justificado : lo mismo que os he dicho en el punto anterior… Queda más mono, es el formato habitual en la presentación de manuscritos y, en general, da un aspecto más limpio al texto.

La configuración personalizada si decidís hacerme caso

Numeración de página : si tenéis dos dedos de frente, esto se os habrá ocurrido a vosotros solitos, pero hay casos de gente un poco lerda que se olvida de poner el número de página y, a la hora de registrar la novela, tiene que pasarse su media horita en la oficina de Propiedad Intelectual numerando a mano. Le pasó a una amiga… Ejem…

Tipografía de palo cruzado : las tipografías de palo cruzado son aquellas que tienen pequeños adornos en los extremos de las letras. Recordad lo de pequeños, please, no queremos letras intrincadas que hagan justo lo contrario de lo que pretendemos. ¿Y qué es lo que pretendemos? Pues que el texto sea más eye-friendly o, lo que es lo mismo, más cómodo de leer.

Todos tenemos nuestras tipografías favoritas y no suelen ser las de palo cruzado (al menos en mi caso), pero estudios muy serios y muy importantes que no me he molestado en buscar porque soy vaga, dicen que las tipografías de palo seco (Verdana, Calibri, Arial…) cansan más el ojo. Pues vale, me lo creo. Ejemplos de tipografías de palo cruzado: Garamond, Georgia, Times New Roman, Cambria… Además, por experiencia os digo que, cuando una editorial, un corrector o cualquier otro profesional del mundo editorial recibe un manuscrito con una tipografía de palo seco… su mente grita «¡Novato!» en voz muy alta.

Los diferentes tipos de letra

Hay otras configuraciones opcionales que ya dependerán de vuestro dominio del procesador de textos. Eso sí, por ir avisando de las cosas con tiempo… si sois un poco torpes tecnológicos y poco más sabéis hacer que poner negritas y dos cosas más, y si además tenéis intención de autopublicaros (con el trabajo de maquetación que implica), quizá no sería mala idea buscar un cursito de ofimática. Que además os va a ser muy útil para buscar trabajo cuando asumáis que de esto de vender libros no se puede vivir.

A lo que iba… suponiendo que tengáis un dominio medio de Word, pueden ser útiles estas otras opciones (que yo uso de forma compulsiva, por cierto):

Estilos : sí, sí, esa opción que aparece en la parte superior y a la que jamás hemos prestado atención. Yo la utilizo para algo muy simple: marcar los títulos de los capítulos y así tener el documento organizado. Porque, cuando os venga una inspiración divina y queráis añadir algo al principio del capítulo ocho, en una novela de cincuenta capítulos, va a ser más cómodo tener una tabla de contenidos que os lleve rápidamente allí a donde queréis ir antes de que la inspiración desaparezca. Además, es la única manera de configurar el índice de forma automática.

: sí, sí, esa opción que aparece en la parte superior y a la que jamás hemos prestado atención. Yo la utilizo para algo muy simple: marcar los títulos de los capítulos y así tener el documento organizado. Porque, cuando os venga una inspiración divina y queráis añadir algo al principio del capítulo ocho, en una novela de cincuenta capítulos, va a ser más cómodo tener una tabla de contenidos que os lleve rápidamente allí a donde queréis ir antes de que la inspiración desaparezca. Además, es la única manera de configurar el índice de forma automática. Comentarios al margen : lo confieso, son mi auténtico vicio. Como tengo la (malísima) costumbre de releer y releer fragmentos anteriores mientras estoy escribiendo, siempre me vienen cosas que quiero añadir, eliminar o modificar. Así que ahí tiro de comentarios al margen. Mucho ojito con esto: a la hora de enviar a editoriales o concursos, por Dios y por la Virgen, acordaos de eliminarlos todos. Yo siempre vivo en el pánico a que acaben publicados comentarios míos de tipo «Amplía esta descripción, vaga de mierda» o «¿Pero qué mierda has escrito aquí, imbécil?» (sí, me hablo fatal a mí misma).

Y con esto, más o menos, ya estaría. Al menos, lo más básico. De verdad que son pasos muy sencillos que enseguida integraréis como parte de la rutina de escritura y ni os plantearéis escribir de otra manera (yo ahora pienso que mi primera novela la escribí en Arial y me estremezco). Aunque, no os voy a mentir, habrá algunos momentos, sobre todo cuando os equivoquéis en algún paso y la tecnología os juegue una mala pasada, en que lo único que desearéis será prenderle fuego a todo.","Here's a detailed semantic SEO analysis of the provided article, designed to inform the creation of superior, outranking content:

---

## Semantic SEO Analysis: ""Configuración inicial del documento de novela en Word""

This article targets aspiring and established authors seeking guidance on preparing their manuscript for submission or self-publishing, specifically focusing on initial Microsoft Word document settings.

### 1. Main Keywords, Semantic Clusters, and Related Terms

The article effectively covers a niche within manuscript preparation.

**A. Main Keywords (Directly addressed or strongly implied as primary targets):**
*   `configurar documento Word novela`
*   `formato manuscrito novela`
*   `preparar manuscrito editorial`
*   `requisitos formato editoriales`
*   `ajustes Word para escritores`
*   `plantilla Word novela`
*   `interlineado doble novela`
*   `tipografía manuscrito novela`
*   `sangría primera línea Word`
*   `estilos Word para novela`
*   `índice automático Word novela`

**B. Semantic Clusters (Groups of related concepts and terms):**

1.  **Manuscript Preparation & Submission:**
    *   `manuscrito definitivo`, `enviar a editoriales`, `autopublicarse`, `maquetación`, `concursos literarios`, `corrección de novela`, `proceso de corrección`, `criterios formales`, `presentación de manuscritos`, `profesional del mundo editorial`.
2.  **Microsoft Word Specifics (Features & Settings):**
    *   `procesador de textos`, `Microsoft Word`, `configurar documento`, `documento en blanco`, `menú Párrafo`, `interlineado`, `distancia entre párrafos`, `espaciado anterior/posterior`, `sangría de primera línea`, `texto justificado`, `numeración de página`, `tipografía`, `fuente`, `palo cruzado` (serif), `palo seco` (sans-serif), `Garamond`, `Georgia`, `Times New Roman`, `Cambria`, `Verdana`, `Calibri`, `Arial`, `Estilos Word`, `títulos de capítulos`, `tabla de contenidos`, `índice automático`, `Comentarios al margen`.
3.  **Authorial Process & Experience:**
    *   `escritura de novela`, `aventura literaria`, `borrador`, `releer`, `inspiración divina`, `torpes tecnológicos`, `cursito de ofimática`, `vender libros`.
4.  **Benefits & Rationale:**
    *   `agobia menos`, `más cómodo de leer`, `eye-friendly`, `aspecto más limpio`, `profesionalismo`, `evitar errores`, `ahorrar tiempo`, `organizar documento`.

**C. Related Terms (Broader context, potentially for future content or deeper dives):**
*   `guía de estilo para escritores`
*   `consejos para escritores`
*   `publicación de libros`
*   `edición tradicional`
*   `autoedición`
*   `software de escritura` (beyond Word)
*   `herramientas de corrección`
*   `derechos de autor` (`Propiedad Intelectual`)

### 2. Content Structure and Hierarchy

The article follows a logical, albeit informally structured, flow. The absence of explicit H2/H3 tags in the provided text is a notable SEO weakness, but the content *implies* a clear hierarchy.

*   **Introduction (Implicit H1: ""La corrección y el procesador de textos"")**
    *   Hook: Correction is daunting.
    *   Author's Authority: Author and corrector.
    *   Core Principle: ""No es más limpio el que más limpia sino el que menos ensucia"" (proactive formatting).
    *   Introduction of Word as the essential tool.
*   **The Blank Document: The Origin (Implicit H2)**
    *   Personal anecdote: Past mistakes of not configuring early.
    *   Benefit: Saves time and effort later.
*   **Essential Configurations (Implicit H2: ""Configuraciones básicas"")**
    *   **Interlineado doble** (Implicit H3)
        *   Reasons: Readability, space for annotations, editorial requirement.
    *   **Distancia entre párrafos** (Implicit H3)
        *   Setting: Zero spacing. Rationale: Clarity, maquetación.
    *   **Sangría de primera línea** (Implicit H3)
        *   Function: Paragraph identification. Requirement: Editorials/contests. Default size.
    *   **Texto justificado** (Implicit H3)
        *   Reasons: Aesthetics, standard format.
*   **Custom/Optional Configurations (Implicit H2: ""La configuración personalizada si decidís hacerme caso"")**
    *   **Numeración de página** (Implicit H3)
        *   Practicality, anecdote.
    *   **Tipografía de palo cruzado** (Implicit H3)
        *   Definition (serif fonts). Rationale: Eye-friendly, professionalism. Examples (Garamond, Georgia, Times New Roman, Cambria vs. Verdana, Calibri, Arial).
*   **Advanced Word Features (Implicit H2: ""Otras configuraciones opcionales"")**
    *   (Brief disclaimer about tech-savviness and job prospects)
    *   **Estilos** (Implicit H3)
        *   Purpose: Chapter titles, organization, automatic Table of Contents.
    *   **Comentarios al margen** (Implicit H3)
        *   Purpose: Self-correction, revision notes. Warning: Remove before submission.
*   **Conclusion**
    *   Recap: Simple, essential steps.
    *   Encouragement: Becomes routine.
    *   Final thought: Horror of past mistakes (Arial).

### 3. User Intent Addressed

The article primarily addresses **Informational Intent** with a strong underlying **Problem-Solving Intent**.

*   **Informational:**
    *   ""How do I correctly format a novel manuscript in Word?""
    *   ""What are the standard formatting requirements for submitting a novel to publishers or contests?""
    *   ""What Word settings should I use when writing my novel?""
    *   ""What's the best font for a manuscript?""
    *   ""How can I make my manuscript look professional?""
*   **Problem-Solving:**
    *   ""I want to avoid common formatting mistakes that delay publication or lead to rejections.""
    *   ""I need to streamline my writing and revision process in Word.""
    *   ""I want to save time on formatting corrections later.""
    *   ""I'm a new writer and don't know the industry standards for manuscript presentation.""
*   **Implicit Navigational/Commercial (indirectly):**
    *   Users looking for specific Word features mentioned (e.g., ""Word Styles for authors,"" ""automatic table of contents Word"").
    *   Users who might eventually purchase editing services or self-publishing tools once their manuscript is formatted.

### 4. Topical Authority Signals

The article exhibits strong internal topical authority, primarily through the author's persona and experience.

*   **Author Expertise:** The author explicitly states, ""soy autora pero también correctora,"" establishing immediate credibility from two relevant angles. This is a powerful signal of practical, real-world knowledge.
*   **Personal Anecdotes:** Sharing personal experiences (""Cuando escribí mi primera novela, no tenía ni idea..."", ""Le pasó a una amiga..."", ""mi primera novela la escribí en Arial y me estremezco"") makes the advice relatable and trustworthy, demonstrating that the author has walked the path.
*   **Industry Knowledge:** Mentions ""requisito habitual para presentar el manuscrito a editoriales, concursos literarios o... corrector profesional,"" ""criterios formales,"" ""maquetación,"" ""oficina de Propiedad Intelectual."" This shows an understanding of the publishing ecosystem.
*   **Direct Recommendations:** Provides concrete, actionable advice with specific settings (e.g., ""1,25 cm"" for sangría, specific font names).
*   **Confident Tone:** The conversational yet assertive tone (""Os lo digo yo,"" ""corred a eliminarlo,"" ""por Dios y por la Virgen, acordaos de eliminarlos"") conveys conviction and expertise.

### 5. Gaps or Weaknesses in Coverage

While good, the article has several areas where superior content could significantly differentiate itself and provide more value.

1.  **Lack of Visuals/Step-by-Step Guidance:**
    *   **Weakness:** No screenshots or short video clips demonstrating where to find and apply each setting in Word. For less tech-savvy users, ""ir al menú Párrafo"" might not be enough.
    *   **Opportunity:** Include clear, annotated screenshots for each setting, or even a quick video tutorial.
2.  **Incomplete ""Standard"" Formatting Requirements:**
    *   **Weakness:** Focuses on interlineado, sangría, justificado, numeración, tipografía. It omits other common requirements like:
        *   **Margins:** Standard margin sizes (e.g., 2.54 cm / 1 inch all around).
        *   **Page Breaks:** When to use them (e.g., chapter beginnings).
        *   **Header/Footer Content:** Beyond page numbers (e.g., author's last name, title slug).
        *   **Title Page:** What information to include (author name, title, word count, contact info).
        *   **Chapter Headings:** Specific formatting for H1/H2 (bold, centered, font size) beyond just ""use styles.""
    *   **Opportunity:** Provide a comprehensive checklist of all standard manuscript formatting requirements.
3.  **Limited Scope (Word Version & Other Processors):**
    *   **Weakness:** Assumes a current Word version and doesn't explicitly state which one. Focuses solely on Microsoft Word.
    *   **Opportunity:** Offer guidance for different Word versions (e.g., desktop vs. online), or briefly mention how these principles apply to other popular writing software like Google Docs, Scrivener, or LibreOffice Writer.
4.  **Lack of External Authority/Citations:**
    *   **Weakness:** While the author's internal authority is strong, there are no links to external, universally recognized style guides (e.g., Chicago Manual of Style, specific publisher submission guidelines, literary agency requirements). The mention of ""estudios muy serios y muy importantes que no me he molestado en buscar"" is charming but an SEO weakness.
    *   **Opportunity:** Cite reputable sources (e.g., major publishers' submission pages, well-known literary agencies' guidelines, academic typography studies) to bolster external authority and provide readers with further resources.
5.  **SEO Structure and Optimization:**
    *   **Weakness:** The article lacks explicit H1, H2, and H3 tags within the provided text, which is crucial for search engine understanding and featured snippets. The conversational introduction is less direct for SEO than a keyword-rich title/meta description.
    *   **Opportunity:** Implement a clear H1, H2s for main sections, and H3s for sub-points. Optimize the article title and meta description with primary keywords.
6.  **User Experience (Beyond Text):**
    *   **Weakness:** No table of contents for easy navigation within a potentially long article.
    *   **Opportunity:** Add a sticky table of contents, especially if expanding the content significantly.
7.  **Deeper Dive into ""Why"":**
    *   **Weakness:** Explanations for ""why"" certain formats are required are generally good but could be expanded (e.g., the historical reasons for double-spacing for editor's marks, how justified text affects readability in print vs. screen).
    *   **Opportunity:** Provide more context and historical background for formatting choices, appealing to users who want to understand the rationale deeply.
8.  **Advanced Topics / Troubleshooting:**
    *   **Weakness:** Doesn't address common formatting issues or troubleshooting (e.g., ""my page numbers aren't continuous,"" ""my styles are messing up"").
    *   **Opportunity:** Include an FAQ section for common problems or a troubleshooting guide.
9.  **Call to Action / Next Steps:**
    *   **Weakness:** The conclusion is a bit abrupt.
    *   **Opportunity:** Suggest next steps (e.g., ""Now that your document is set up, learn about character development,"" or ""Download our free manuscript checklist"").

---

By addressing these gaps and weaknesses, the new content can provide a more comprehensive, user-friendly, and SEO-optimized resource that is likely to outrank the current article."
Cómo escribir una novela: iniciación | Extensión Universitaria en ...,https://extension.uned.es/actividad/44345,"Online del 7 de mayo al 12 de junio de 2025 Online Cómo escribir una novela: iniciación Tudela Extensión universitaria créditos 0.5 Imprimir PDF

A escribir se aprende escribiendo, o eso dicen, pero siempre es mejor tener las herramientas necesarias, las técnicas esenciales para abordar la escritura.

A ningún estudiante de música principiante se le da un pentagrama en blanco y se le dice: “crea música” o interpreta a Schubert, primero se le dota de las técnicas y conocimientos necesarios y después serán ellos con sus herramientas los que se lanzarán al mundo de la composición o la interpretación.

Lo mismo debería ocurrir con la escritura. Seguramente todos tengamos una historia que contar, pero esa historia se tiene que plasmar en un papel y eso requiere de dedicación y conocimientos. Escribir es una tarea de fondo, nunca un sprint.

Este curso está planteado como una aproximación a la escritura de una novela. Un primer acercamiento a los elementos básicos indispensables a la hora de escribir una novela: por dónde empezar, los elementos esenciales e imprescindibles que toda novela debe tener como los personajes, argumento, trama, escenarios, el narrador y la forma que le queremos dar.

El curso podrá seguirse de manera ONLINE, tanto en directo (PLAZAS LIMITADAS) como en diferido.","This article serves primarily as an informational blurb for a course, not a comprehensive ""how-to"" guide. Its SEO strength lies in direct keyword matching for the course title, but it's very weak in demonstrating topical authority or deep semantic coverage.

---

### Semantic SEO Analysis of the Article: ""Cómo escribir una novela: iniciación""

**1. Main Keywords, Semantic Clusters, and Related Terms**

*   **Main Keyword:** `Cómo escribir una novela` (How to write a novel)
*   **Primary Modifier:** `iniciación` (initiation, beginner) -> `escribir una novela para principiantes`, `curso de escritura de novela`
*   **Semantic Cluster 1: The Act of Writing / Learning to Write**
    *   `escribir` (write)
    *   `escritura` (writing)
    *   `aprender a escribir` (learn to write)
    *   `herramientas de escritura` (writing tools)
    *   `técnicas de escritura` (writing techniques)
    *   `curso de escritura` (writing course)
    *   `fundamentos de escritura` (writing fundamentals)
*   **Semantic Cluster 2: Elements of a Novel** (Directly from the course description)
    *   `personajes` (characters)
    *   `argumento` (plot/storyline)
    *   `trama` (plot/narrative arc)
    *   `escenarios` (settings)
    *   `narrador` (narrator)
    *   `forma` (form, structure, style)
    *   `elementos básicos de una novela` (basic elements of a novel)
    *   `estructura de novela` (novel structure)
    *   `por dónde empezar a escribir una novela` (where to start writing a novel)
*   **Related Terms (Logistical / Course-specific):**
    *   `online` (online)
    *   `curso` (course)
    *   `taller de escritura` (writing workshop)
    *   `extensión universitaria` (university extension)
    *   `créditos` (credits)
    *   `Tudela` (location - relevant for local SEO of the event, less for topical SEO of ""how to write a novel"")

**2. Content Structure and Hierarchy**

The article has a very flat, linear structure, typical of a brief course description:

*   **Implied H1 (Title/Course Name):** ""Cómo escribir una novela: iniciación""
*   **Introduction (Paragraphs 1-3):** General justification for learning writing techniques, using a music analogy.
*   **Core Content (Paragraph 4):** Description of the course's scope, listing the basic elements of a novel that will be covered. This is the closest to substantive content.
*   **Logistical Details (Paragraph 5):** Information about online format (live/deferred) and limited spaces.
*   **Missing:** Clear headings, subheadings, bullet points, or any other structural elements that would break up the text and improve readability or SEO for specific sub-topics.

**3. User Intent Addressed**

*   **Primary Intent: Informational/Learning (Beginner-level):** The user is looking for information on *how to start* writing a novel, specifically the foundational elements. Keywords like ""cómo escribir,"" ""iniciación,"" ""por dónde empezar,"" and ""elementos básicos"" strongly suggest this.
*   **Secondary Intent: Transactional/Navigational:** A user might also be actively searching for a *course* or *workshop* to learn novel writing, especially an online, beginner-friendly option. The dates, ""online,"" ""créditos,"" and ""extensión universitaria"" cater to this.

**4. Topical Authority Signals**

*   **Weak/Implicit:**
    *   The affiliation with ""Extensión universitaria"" (University Extension) lends a degree of institutional credibility.
    *   The structured approach suggested by the music analogy (""herramientas necesarias, técnicas esenciales"") implies a pedagogical understanding.
    *   Listing key novel elements (characters, plot, etc.) shows a basic awareness of the topic's components.
*   **Missing:**
    *   **No explicit author expertise:** No mention of the instructor's background, publications, or experience.
    *   **No depth of coverage:** The article merely *lists* elements without explaining them or offering insights.
    *   **No unique insights or research:** It presents generic information without adding value beyond a simple table of contents.
    *   **No examples or case studies:** It doesn't reference any novels or authors to illustrate points.
    *   **No external validation:** No links to reputable sources, research, or testimonials.

**5. Gaps or Weaknesses in Coverage**

*   **Lack of Depth & Elaboration:** The biggest weakness. It *lists* the essential elements (characters, plot, etc.) but provides *zero* explanation, examples, or practical advice on *how* to develop them. For a ""how-to"" article, this is a critical failure.
*   **No Practical Application:** No exercises, prompts, or mini-challenges that a reader could use to start writing immediately.
*   **Missing ""Why"" and ""How"":** It states *what* will be covered but doesn't explain *why* these elements are crucial or *how* the course will teach them beyond a basic introduction.
*   **Limited Scope:** While it's an ""initiation,"" a superior article could offer a glimpse into the next steps or common challenges beginners face after mastering the basics.
*   **Lack of Engagement:** The text is purely descriptive and somewhat dry, lacking engaging storytelling, inspiring anecdotes, or rhetorical questions to hook the reader.
*   **Poor SEO Structure:** No headings, subheadings, or use of bullet points to improve readability and allow search engines to easily parse sub-topics.
*   **No Visuals:** No images, diagrams, or other multimedia to enhance understanding or engagement.
*   **Missing E-E-A-T Signals:** No clear demonstration of Expertise, Experience, Authoritativeness, or Trustworthiness from the content itself.
*   **No FAQs:** Common questions a beginner might have about starting a novel are not addressed.

---

**Conclusion for Superior Content Creation:**

This article is a minimal course advertisement. To outrank it, superior content must go beyond listing topics and provide actual, actionable *value* related to ""how to write a novel for beginners."" It needs to demonstrate deep topical authority, address user intent comprehensively, and be structured for both readability and SEO."
